sample_id,line,site,lot,design,alloy,d_cond_mm,insulation,foaming,d_ins_mm,line_speed_m_min,screw_rpm,capstan_d_m,gauge_mean_mm,gauge_std_mm,gauge_period_m,gauge_ripple_um,a_true,b_true,c_true,z_true,k_prox_true,lot_td_factor,a_meas,b_meas,c_meas,sigma_a,sigma_b,z_meas,ripple_period_m,ripple_amp_ohm,il600_db_per_m,rl_min_db
S0000,L1,Roth,LOT2026000,D100-PE-035,Cu-ETP,0.5000049206134299,PE,0.3089623661252541,0.8422202421466272,57.32822448372818,41.42711481068363,0.4,0.8422413106161435,0.002693305617572965,1.2562814070351758,0.9123894350756984,1.589554059682872e-05,2.5211408575483173e-11,0.01803117392579468,100.09854956261492,1.0977871171680793,1.123184262757415,1.6136972656050075e-05,2.5085103750156366e-11,0.006496992968161669,1.9074648716194463e-07,7.733910742371662e-13,99.87720232141452,1.224410043332631,0.12120229052685913,0.4103248174943938,32.0
S0001,L2,Roth,LOT2026000,D100-PE-035,Cu-ETP,0.500984365215211,PE,0.28108447559889793,0.8363613463595243,80.48878854765945,53.88726374662765,0.315,0.8362423712708552,0.005628660754120671,0.9900990099009901,6.742739987125149,1.7065388493756452e-05,2.3900471691049476e-11,0.019762050722892898,97.95228543433066,1.1555684871701988,1.0,1.718951322822089e-05,2.3228480885470765e-11,0.021935637451562684,2.0478466192507743e-07,8.170141507314843e-13,98.6085323579521,0.9397633110456224,0.8959810627266008,0.43499334740955964,22.733459307094485
S0002,L3,Nitra,LOT2026000,D100-PE-035,Cu-ETP,0.5019543037814214,PE,0.29814813841336746,0.8470038481710801,49.59621297422082,37.458187880600875,0.5,0.8474658733483866,0.005590817326039076,1.3227513227513228,6.343820748169766,1.658618607863038e-05,2.3003910248900362e-11,0.018184683665260114,99.84608325896413,1.1470504331160578,1.0,1.626225616090985e-05,2.3340246393126446e-11,0.017190556682568085,1.9903423294356456e-07,7.901173074670108e-13,99.95128049348862,1.3396533013942669,0.8333894999305341,0.4123471462440259,26.608283280851932
S0003,L1,Roth,LOT2026000,D100-PP-022,CuSn0.3,0.4015414002399042,PP,0.3868031539028379,0.6416268737533001,60.83238902123094,41.84146132655479,0.4,0.6420956994957023,0.0027178874590059313,1.2562814070351758,1.0149432505638063,2.403263075573293e-05,2.489972223857762e-11,0.0166199861490298,97.87428347123817,1.1536243295349988,1.0,2.3784190539624895e-05,2.5767758082727946e-11,0.018687914643000503,2.8839156906879515e-07,8.469916671573285e-13,97.42346164909482,1.2892812785389651,0.18989450539543065,0.5980527254526761,32.0
S0004,L2,Roth,LOT2026000,D100-PP-022,CuSn0.3,0.40216002071052603,PP,0.4130932782106681,0.6598197637533798,74.02147669171032,55.8159292049388,0.315,0.6603378827519994,0.005466535330715237,0.9900990099009901,6.457326650756614,2.310473263849702e-05,2.4228670667079267e-11,0.025791829612895133,102.10251192114933,1.1587785210691146,1.038543843115422,2.2879016500436846e-05,2.4373106584750666e-11,0.023984767503373992,2.7725679166196423e-07,7.99883904594672e-13,101.6292480019236,0.9607755472724591,1.1682386585779827,0.5750440055527548,20.98131062172539
S0005,L3,Nitra,LOT2026000,D100-PP-022,CuSn0.3,0.40290417032959847,PP,0.3465356150404171,0.6690204940780391,49.64312193134486,40.32853459551364,0.5,0.6688737186752435,0.005157117608102882,1.231527093596059,6.108856034851871,2.2432708873831645e-05,2.7415617735528794e-11,0.017208301981131352,100.77331621238142,1.1124825338595374,1.0,2.1973702179726004e-05,2.8038226266581662e-11,0.013937430805230206,2.6919250648597973e-07,9.224685320658638e-13,99.8414848383633,1.2215219182370463,1.053615145616678,0.5550670857552911,23.850070923296286
S0006,L1,Roth,LOT2026000,D100-FEP-035,CuAg0.1,0.4987370228045347,FEP,0.20820783387867312,0.8605596138677242,58.089009365765904,41.77383193119332,0.4,0.8611985447846168,0.002806432137097036,1.2562814070351758,1.2727554195840394,1.6044638599417003e-05,4.468870570465359e-11,0.015488377680200402,103.12253104845408,1.1257845382312885,1.0,1.6148560823970185e-05,4.477191617885425e-11,0.011212440974609625,1.9253566319300405e-07,1.4406611711396076e-12,102.82063635179964,1.2471331852835186,0.1639444978983208,0.42242094844355094,32.0
S0007,L2,Roth,LOT2026000,D100-FEP-035,CuAg0.1,0.49747777847996655,FEP,0.1844864114334534,0.8524120172062111,74.57880268466481,54.656814716295344,0.315,0.8517661406437025,0.0041889197046698235,0.9900990099009901,4.381483296640385,1.8036815054939198e-05,5.087855267758205e-11,0.02666045606353507,101.47919678513166,1.2422549264843346,1.0867301736655373,1.7987306035738213e-05,5.131962450713145e-11,0.026477412480841414,2.1644178065927038e-07,1.5045405357422496e-12,100.5298104721732,0.9647545028335098,0.5669663511299197,0.471390071988544,27.243505744409546
S0008,L3,Nitra,LOT2026000,D100-FEP-035,CuAg0.1,0.49751197187678664,FEP,0.21514976722070717,0.8401043158167371,46.91956418777879,36.43951824347112,0.5,0.8402101775804662,0.004364735527721136,1.2886597938144329,4.574932443548126,1.7211096060924635e-05,4.407671230574353e-11,0.0169378968769982,100.96630388108979,1.1794748660105432,1.0,1.687274277149971e-05,4.6691646326222536e-11,0.0205412312902888,2.065331527310956e-07,1.4223013691723059e-12,100.94844325389025,1.2655732634542096,0.6120248041367967,0.4413119299020648,28.892669249790558
S0009,L1,Roth,LOT2026000,D100-PE-050,Cu-ETP,0.6077529189367971,PE,0.41248409278964304,0.9893785794524047,57.055728298090145,42.159147406841086,0.4,0.9887334272058448,0.0026946282665493053,1.3550135501355014,0.8213449912167452,1.3364455561499664e-05,1.7507226108716213e-11,0.019155878751336845,100.4848228545863,1.126210469502239,1.0,1.3349238572847486e-05,1.7327827292077554e-11,0.01797534914020215,1.6037346673799598e-07,6.252167832614864e-13,100.20308968523193,1.329519513024492,0.09889010290360506,0.3373856597973569,32.0
S0010,L2,Roth,LOT2026000,D100-PE-050,Cu-ETP,0.59710746370616,PE,0.42942513879769356,0.9678069687972017,79.14257488523705,54.284011748792366,0.315,0.9678221405416946,0.005059553723801378,0.9900990099009901,5.843086204867761,1.4348139364169458e-05,1.6764179269146465e-11,0.01486321114778609,100.67095298746558,1.1901262394030894,1.0,1.4596802752118123e-05,1.734865410758387e-11,0.013716432218872525,1.721776723700335e-07,6.029253780743938e-13,101.72100237603105,0.9902181319566018,0.7262169049453558,0.3679569386229768,25.250148733019294
S0011,L3,Nitra,LOT2026000,D100-PE-050,Cu-ETP,0.5967182951243146,PE,0.3365633380898165,0.9834141465424742,48.270360429372694,38.449708176275266,0.5,0.983335510607262,0.00536652258684088,1.2562814070351758,6.301557183196853,1.4343422802465146e-05,2.1060070879482022e-11,0.019287917718793866,98.76913862351543,1.1664984992911032,1.0,1.4241795464640187e-05,2.0324897283079872e-11,0.010271076686150562,1.7212107362958176e-07,7.318021263844606e-13,98.7155790525826,1.2561164078390534,0.7341780445534997,0.36104667677931895,27.05576997094625
S0012,L1,Roth,LOT2026001,D100-PE-035,Cu-ETP,0.5023630757436806,PE,0.2702696908957101,0.8533037507316228,60.55465816122948,41.311143254922705,0.4,0.8534047235873595,0.002733381090257126,1.2562814070351758,1.215480966585667,1.6413572695394542e-05,2.7606510969002548e-11,0.02220565898409242,99.4177849216651,1.1311642757069464,1.1277387888391253,1.6462958167790572e-05,2.808380488659894e-11,0.019755733515399113,1.9696287234473452e-07,8.343857791063534e-13,99.80651538899262,1.2284968204448659,0.15611682429434076,0.4201095611351183,32.0
S0013,L2,Roth,LOT2026001,D100-PE-035,Cu-ETP,0.4980533308009343,PE,0.2672948109441404,0.8494511635818723,75.40306747755614,56.14805133610686,0.315,0.8496392632162949,0.005163272500871561,0.9900990099009901,5.992119949632323,1.7042564610266984e-05,2.4640299536095467e-11,0.01914190725046284,99.74200259446214,1.168233473828555,1.0,1.6828434842419768e-05,2.4058175935130153e-11,0.014443441333066347,2.0451077532320382e-07,8.39208986082864e-13,99.08904349874234,0.9800746834501488,0.7705000712754967,0.42664628054812404,24.56606615950804
S0014,L3,Nitra,LOT2026001,D100-PE-035,Cu-ETP,0.500730174967168,PE,0.256294709292895,0.8500727851631105,50.625051438253166,36.85132732577732,0.5,0.8495943561694259,0.005278761757274366,1.3736263736263736,6.445575747863892,1.6677185006822975e-05,2.8640686746603733e-11,0.020696801199360428,98.78224303881153,1.1382722757119346,1.1347150042257614,1.6537151734528192e-05,2.811530865496417e-11,0.025914757255428175,2.001262200818757e-07,8.572126914672951e-13,98.47245724897678,1.4310362712677271,0.8264322343041637,0.4219460786442717,27.161220269700657
S0015,L1,Roth,LOT2026001,D100-PP-022,CuSn0.3,0.3989581073612571,PP,0.3127825197057661,0.6585170210595723,62.63982843732801,44.493552839919566,0.4,0.6583337635064849,0.002682244340719315,1.4084507042253522,0.7990251982903818,2.290110528881047e-05,2.963176775882925e-11,0.025870512518866927,98.72151943148408,1.1016908370296574,1.0,2.2882929310248473e-05,2.8876413351033207e-11,0.02837218609494236,2.7481326346572565e-07,9.889530327648774e-13,98.68037693914904,1.4235256069400377,0.13858103478266523,0.5778420126031286,32.0
S0016,L2,Roth,LOT2026001,D100-PP-022,CuSn0.3,0.4006366992043036,PP,0.33671798937749886,0.6575881622457013,91.10250869131748,55.61511571524843,0.315,0.6579274206043328,0.004784329685577084,0.9900990099009901,5.359123256475616,2.4301032965359263e-05,2.8049939444692152e-11,0.023489652519139252,99.03622410390126,1.1776973708929148,1.0,2.434362378796831e-05,2.7758849653046205e-11,0.028855316300720128,2.916123955843112e-07,9.414981833407646e-13,98.61847423835731,0.9803283695253426,0.9429538197455978,0.6129510555131923,22.752279143691737
S0017,L3,Nitra,LOT2026001,D100-PP-022,CuSn0.3,0.39990105992292996,PP,0.31171107803467624,0.6578937489041325,54.31913707386924,36.984288415178625,0.5,0.6573095371370157,0.005944212020965913,1.4705882352941175,6.641511140702163,2.2964889210407762e-05,2.970376402170407e-11,0.02708122584458148,98.3006663457199,1.102649638765306,1.0,2.3386594319110048e-05,3.120540270726071e-11,0.02881248888456896,2.7557867052489316e-07,9.91112920651122e-13,97.87810554901142,1.4662100731929293,1.1547027439481634,0.5915766469222036,24.424423988427392
S0018,L1,Roth,LOT2026001,D100-FEP-035,CuAg0.1,0.5054204901610029,FEP,0.17934646972074522,0.8434354279349403,57.71266494675576,41.64178350515836,0.4,0.8440849488667246,0.0026657007039567076,1.2562814070351758,0.8053829522843644,1.5773058792795813e-05,4.938589868689929e-11,0.019501336159885533,98.36211957038238,1.0697857621215312,1.044380853436041,1.5806131577502756e-05,5.1502543965687435e-11,0.018548386637552542,1.8927670551354977e-07,1.5186175050342513e-12,98.85210072827444,1.2623652508631258,0.10663744623577726,0.41807185533586894,32.0
S0019,L2,Roth,LOT2026001,D100-FEP-035,CuAg0.1,0.5037429443037442,FEP,0.18092161489440584,0.8501747464234002,81.66831064337835,56.93234884679236,0.315,0.8500416202802508,0.004449000605737867,0.9900990099009901,4.803568817142843,1.6998213600764208e-05,4.71431530123214e-11,0.01527642901843041,99.67458634293502,1.1643857148957075,1.0,1.6873467263793046e-05,4.944403633098727e-11,0.01688845230391721,2.039785632091705e-07,1.514294590369642e-12,99.51907937086463,1.010469961174582,0.6274260826000435,0.44298096114525853,26.609680348163213
S0020,L3,Nitra,LOT2026001,D100-FEP-035,CuAg0.1,0.505140665741835,FEP,0.1793603066924165,0.8396605732033419,55.34219114536245,36.819667917776485,0.5,0.840302418186588,0.004830366436462289,1.5015015015015014,5.243700121956541,1.648880290366434e-05,5.2732551518570694e-11,0.021345546248681912,97.92303116462891,1.112721489939777,1.1151835696770098,1.720936860034367e-05,5.404289196258126e-11,0.020872847840356624,1.978656348439721e-07,1.5185794954056829e-12,97.62432070395867,1.5186152076928077,0.698969138416997,0.4539683059711607,29.05626657833723
S0021,L1,Roth,LOT2026001,D100-PE-050,Cu-ETP,0.6022872267880769,PE,0.3929330031418576,0.9760634777092035,58.66726690492284,42.58671915184855,0.4,0.9766460547244715,0.0027006052964886553,1.3774104683195594,0.9324902410492797,1.3544369604050864e-05,1.8386815044433187e-11,0.019262772521384565,99.1357226082297,1.1159208454646459,1.0,1.3578228843357276e-05,1.860920346059884e-11,0.01830342094966257,1.6253243524861037e-07,6.516044513329955e-13,99.30034655035006,1.350554273502793,0.11319231453720785,0.3437635920800539,32.0
S0022,L2,Roth,LOT2026001,D100-PE-050,Cu-ETP,0.6056330479748187,PE,0.4262910668862643,0.9702249389360281,74.66181512433126,57.44497893379068,0.315,0.9695811538449988,0.004999271129775984,0.9900990099009901,5.762875752486972,1.475720498907198e-05,1.6900321109325462e-11,0.01775241479845479,99.13120206108594,1.2225448837521817,1.0,1.4749643539504144e-05,1.757916688260885e-11,0.011962275214281807,1.7708645986886376e-07,6.070096332797638e-13,98.04799641783795,0.9568487041980683,0.7187713141445412,0.3718389940846416,24.90803291697048
S0023,L3,Nitra,LOT2026001,D100-PE-050,Cu-ETP,0.5932578180873197,PE,0.4078761381539122,0.9827882937291009,54.063796946312856,39.44102312160209,0.5,0.9832149114122716,0.005044765353786939,1.36986301369863,5.835761800048417,1.3839445073589118e-05,1.7712387277527753e-11,0.02328377902424095,102.35683717507902,1.1596308719910127,1.0,1.3671650279252802e-05,1.796890771412733e-11,0.023362190317440953,1.660733408830694e-07,6.313716183258325e-13,102.47661231563352,1.398262307860768,0.6987555997427064,0.3456679696453874,28.726378876658366
S0024,L1,Roth,LOT2026002,D100-PE-035,Cu-ETP,0.5066788229713093,PE,0.284710769864013,0.8568949445571586,54.05600054211321,41.523727837649304,0.4,0.8567499834076376,0.002713320288429583,1.2562814070351758,1.094719982838247,1.6161142823529353e-05,2.3708199039529464e-11,0.01939520512345563,99.53681158017838,1.1246808770274994,1.0,1.6129243005433092e-05,2.3980328322141676e-11,0.021104762750667697,1.9393371388235225e-07,8.112459711858839e-13,100.12637354089017,1.2221979207178155,0.14118950435984837,0.40947321159827316,32.0
S0025,L2,Roth,LOT2026002,D100-PE-035,Cu-ETP,0.5010703881437196,PE,0.21987849338969456,0.8454711684741263,78.18406501520111,55.08637790124419,0.315,0.8457851403815246,0.004263650842882946,0.9900990099009901,4.516324804185946,1.761261393475464e-05,2.729171129630706e-11,0.015925409566248886,96.6387540533963,1.1768324631151221,1.0,1.7203167435323433e-05,2.7935496024037863e-11,0.020397220904908586,2.113513672170557e-07,9.187513388892117e-13,96.24212108324012,1.025602320300144,0.5753394559322978,0.4381519520895426,27.222897900600284
S0026,L3,Nitra,LOT2026002,D100-PE-035,Cu-ETP,0.5065069656566774,PE,0.3439488753805108,0.8484267667285573,48.939670374249374,37.84099036050608,0.5,0.8479450374772551,0.005381071401957621,1.2919896640826873,6.006031284638367,1.704546316699128e-05,2.069790985626323e-11,0.021117918448102586,100.93350184167473,1.2024591585591253,1.0,1.7148583628693404e-05,2.070354165227853e-11,0.02384420405011565,2.0454555800389534e-07,7.209372956878969e-13,100.8956247214655,1.2983085747102507,0.8060968539480311,0.4324758954443615,26.71929554003335
S0027,L1,Roth,LOT2026002,D100-PP-022,CuSn0.3,0.40257385152313296,PP,0.3614189540888543,0.650541265343551,60.43863403941128,41.14223686907796,0.4,0.6511829621386536,0.0027087452078620703,1.2562814070351758,1.0060307456853383,2.3241008297682294e-05,2.6469789359256316e-11,0.017380501486980563,98.20164835380386,1.1222341336384958,1.0,2.2910886399856105e-05,2.7925785879387643e-11,0.02033461186918726,2.7889209957218756e-07,8.940936807776894e-13,98.13701006100192,1.2547695679759494,0.18244705347871787,0.5779561140298674,32.0
S0028,L2,Roth,LOT2026002,D100-PP-022,CuSn0.3,0.3992764946303476,PP,0.33749094267166846,0.6586551751394399,80.28391301468561,55.520581179915126,0.315,0.6586661255313654,0.005550615271585972,0.9900990099009901,6.612602562245649,2.380853170030915e-05,2.7999695525296526e-11,0.021676297276107613,99.64768330107513,1.157011647841267,1.0,2.412115373404538e-05,2.959595032503681e-11,0.015248034103900887,2.857023804037098e-07,9.399908657588957e-13,100.040495876007,1.0395769266327615,1.1585740318867461,0.6086033792498108,21.526775692477315
S0029,L3,Nitra,LOT2026002,D100-PP-022,CuSn0.3,0.3956348767152842,PP,0.38040603480798457,0.6524514743440782,48.8242968307203,39.025667648993775,0.5,0.6530620596345957,0.005397404352015737,1.25,6.122767776278741,2.435138624412607e-05,2.5290343183504605e-11,0.01626994537233691,101.36143663651265,1.1927658155546101,1.0,2.4147294121478387e-05,2.544268440552421e-11,0.014365660119870213,2.9221663492951286e-07,8.587102955051381e-13,101.63791118400619,1.2914220849045104,1.1021532869786064,0.6067516897842314,23.99275405729926
S0030,L1,Roth,LOT2026002,D100-FEP-035,CuAg0.1,0.49943045162053856,FEP,0.1914467316331719,0.8441997737008908,64.24916842525542,42.08481001899725,0.4,0.8448029330537202,0.0027119471992299556,1.2562814070351758,1.0119521042954078,1.6819366951971185e-05,4.618708476530132e-11,0.02342585920564763,100.22398244348405,1.1485674081071886,1.0,1.6887605142290284e-05,4.4280558361250266e-11,0.02844498036899146,2.0183240342365423e-07,1.4856125429590395e-12,99.93376273691206,1.2622408864501375,0.13350574377118576,0.44022965204033593,32.0
S0031,L2,Roth,LOT2026002,D100-FEP-035,CuAg0.1,0.4980485159112372,FEP,0.1454717146257684,0.837044722654033,78.4327815201006,56.162447303052595,0.315,0.8376821403815108,0.004359867234935196,0.9900990099009901,4.697580755316698,1.8173016558780443e-05,5.04511704420974e-11,0.021827983133995667,97.95382876385602,1.2095400604415942,1.0,1.788765018685623e-05,5.0542439317859744e-11,0.019084153997217322,2.1807619870536531e-07,1.6135351132629219e-12,98.1959398563426,0.9964029522847239,0.6167352552743752,0.4684823992500196,26.485927661662203
S0032,L3,Nitra,LOT2026002,D100-FEP-035,CuAg0.1,0.5035340678502117,FEP,0.26152155658007337,0.8390809185555121,51.58642026282304,36.28148142316612,0.5,0.8391674863555856,0.004769717620361842,1.4204545454545456,5.164886398105624,1.6521322961037044e-05,4.109768370944987e-11,0.01775988800604359,101.14111645742429,1.1478934866066826,1.0245041119060772,1.6707403409364217e-05,4.122861947139744e-11,0.018168422924167916,1.9825587553244454e-07,1.303441252167982e-12,100.73884003715624,1.3832620093921166,0.7085584409994675,0.4339840462033819,28.407905064818895
S0033,L1,Roth,LOT2026002,D100-PE-050,Cu-ETP,0.5932601631458562,PE,0.40356571523620327,0.9795388657833273,67.63040316432031,42.340798253196475,0.4,0.979276587790161,0.002713583449605884,1.2562814070351758,0.9259880785651629,1.3402473598518128e-05,1.790549519556566e-11,0.018062980426984357,101.7834038172265,1.1167292255771337,1.0,1.3445961719033361e-05,1.8024908640158468e-11,0.0167732464731341,1.6082968318221755e-07,6.371648558669697e-13,101.47753005183762,1.2406952216454064,0.11125555953096274,0.34017308307528976,32.0
S0034,L2,Roth,LOT2026002,D100-PE-050,Cu-ETP,0.5995235805683032,PE,0.4036392663253389,0.9947671164395893,85.03092224656359,53.970809369849064,0.315,0.9952375450717474,0.005886777489351355,0.9900990099009901,7.103851780606135,1.3953787742958066e-05,1.790219037917015e-11,0.019758264047175022,102.36527515489219,1.1816580137115051,1.0,1.4175477228251919e-05,1.774450887070971e-11,0.020290245537326616,1.674454529154968e-07,6.370657113751044e-13,101.78397994343696,0.979459256988184,0.838097172160204,0.35787439436482715,24.055667892296746
S0035,L3,Nitra,LOT2026002,D100-PE-050,Cu-ETP,0.5896023387078638,PE,0.41877844455140584,0.984631468466765,53.19456335465289,38.4732889826725,0.5,0.985278194357906,0.0041327303517567655,1.3812154696132597,4.05751794703711,1.3211665840989898e-05,1.8396872471987144e-11,0.015593978229064078,103.77257947366198,1.1154244367287485,1.0677791017079101,1.3416432034805087e-05,1.9051282454216666e-11,0.01459596429693149,1.5853999009187878e-07,6.168729873780464e-13,104.07300146004582,1.3535131485401102,0.48491545935526115,0.3400654918903042,31.736355957771025
S0036,L1,Roth,LOT2026003,D100-PE-035,Cu-ETP,0.49603594592481437,PE,0.29439457965278265,0.8401772212368376,55.908319038093914,40.133155802978294,0.4,0.8407375670046533,0.002698944933555158,1.392757660167131,0.8716716230737064,1.606081291640086e-05,2.319935354444689e-11,0.030809453144592373,100.10835022665943,1.100504293983677,1.0,1.5735982478918196e-05,2.349351421634643e-11,0.03366847196398573,1.9272975499681033e-07,7.959806063334067e-13,100.57474273753252,1.384025311036866,0.11502834152865864,0.3995487597866793,32.0
S0037,L2,Roth,LOT2026003,D100-PE-035,Cu-ETP,0.5005195167740817,PE,0.27067111927499965,0.853762680420828,84.24000386813206,55.67348261363337,0.315,0.8542909152605928,0.005328391272100007,0.9900990099009901,6.273448812585521,1.6630062922440297e-05,2.445788071580811e-11,0.02457944414034777,99.89584146237016,1.1473689239318763,1.0,1.673909290686108e-05,2.5258896788442993e-11,0.028480645243869663,1.9956075506928357e-07,8.337364214742432e-13,100.70895673301234,0.9617236292648543,0.8036785530238092,0.4251788645790477,24.049081076996362
S0038,L3,Nitra,LOT2026003,D100-PE-035,Cu-ETP,0.5022449983167904,PE,0.31079336580545935,0.8392224908870518,55.114027944021906,38.28377788208461,0.5,0.8392868243999667,0.0051614219633781015,1.440922190201729,5.835648849525377,1.614732507761652e-05,2.235277913044567e-11,0.020122744508751032,99.27318085224206,1.1109356691334364,1.0,1.6174507435670114e-05,2.1567706561087502e-11,0.010920538395852953,1.9376790093139825e-07,7.7058337391337e-13,99.4506415165345,1.4275932458943477,0.7820288631080775,0.40913397034820753,27.663047528385945
S0039,L1,Roth,LOT2026003,D100-PP-022,CuSn0.3,0.40011468782176973,PP,0.3388203828213554,0.6574954318280901,56.41180320995231,41.433111140785414,0.4,0.6575917828620091,0.002701740894040261,1.2562814070351758,1.0157300233104218,2.2602958128952183e-05,2.7913400050769753e-11,0.01818754095259177,99.25529063477005,1.0963964181264287,1.0,2.2627182190731288e-05,2.6745676270502636e-11,0.019689212855940427,2.712354975474262e-07,9.374020015230925e-13,99.8048673805488,1.270276170636684,0.17877586335875892,0.5702987164138753,32.0
S0040,L2,Roth,LOT2026003,D100-PP-022,CuSn0.3,0.3990936741458841,PP,0.2976826636850464,0.6470340479546511,81.6666271534204,53.29908283391269,0.315,0.6467111879349526,0.0038302205327155397,0.9900990099009901,3.782996066743304,2.610131131345818e-05,3.0655941423413144e-11,0.025498504429634465,96.07267127997885,1.2223658405398434,1.0,2.6250684973837326e-05,2.9523684605426944e-11,0.017406202306007132,3.1321573576149817e-07,1.0196782427023943e-12,96.27121552426324,0.9738629447976591,0.6708220583604488,0.66072275721296,25.388582188389552
S0041,L3,Nitra,LOT2026003,D100-PP-022,CuSn0.3,0.39910301241312574,PP,0.3705616857502843,0.6543859278942695,47.28865008815887,38.80457834270967,0.5,0.6550408592926819,0.00438166993513485,1.2195121951219512,4.591744654384518,2.3711490982357998e-05,2.5898089435121344e-11,0.023516283551164276,100.28186196739827,1.159125409391993,1.0,2.320835356014795e-05,2.6801245575677154e-11,0.01935447050977079,2.84537891788296e-07,8.769426830536403e-13,99.71215834931203,1.1971425189003864,0.8236119672079493,0.5845677774130348,25.771686664303953
S0042,L1,Roth,LOT2026003,D100-FEP-035,CuAg0.1,0.5002956487480839,FEP,0.19688536217669816,0.8508770257943338,56.813122232449665,41.03526321630071,0.4,0.8506428431732767,0.0027419751370482363,1.2562814070351758,1.125115456369149,1.5960440653437526e-05,4.569765786891343e-11,0.015680687068689685,101.10470740444417,1.1013951208028563,1.0,1.5642705779228175e-05,4.639526741204304e-11,0.01227354492679287,1.915252878412503e-07,1.4709297360674029e-12,101.47016968763572,1.249647562775814,0.1470751101948145,0.41100413506854483,32.0
S0043,L2,Roth,LOT2026003,D100-FEP-035,CuAg0.1,0.5040529534051301,FEP,0.19310508084312622,0.8401465509337266,80.00770870066226,54.64413773966501,0.315,0.8407298227353504,0.004440847209439243,0.9900990099009901,4.802028170135734,1.7642982292834748e-05,4.804554125062844e-11,0.014591698899644987,98.71460672899016,1.1976495340491484,1.0436171127210974,1.7811897323829013e-05,4.5952202862960224e-11,0.011887418293585588,2.1171578751401698e-07,1.4811255296117904e-12,98.85325157788995,0.997732965427711,0.6418970788813487,0.46387240496185883,26.21738157285676
S0044,L3,Nitra,LOT2026003,D100-FEP-035,CuAg0.1,0.4918607782879587,FEP,0.1674907636847533,0.8572500851554073,50.52871166104133,38.521574224247246,0.5,0.8573625146778917,0.004652475743264395,1.3123359580052494,5.211868119672044,1.6514242675037988e-05,4.838038726215345e-11,0.026072816995524457,102.71938581548724,1.138291353743343,1.0,1.659871838044731e-05,4.9448578147832395e-11,0.031431229375503925,1.9817091210045586e-07,1.5514116178646034e-12,102.29092772313132,1.2753727143761389,0.6608481541714132,0.43625433422578835,28.442531812804063
S0045,L1,Roth,LOT2026003,D100-PE-050,Cu-ETP,0.6063298683810111,PE,0.4055191564246678,0.986932514127774,58.4178134088985,42.207461527692146,0.4,0.9865144048361125,0.0026950635563877424,1.3850415512465375,0.821705195257923,1.3534104960091838e-05,1.908127030217645e-11,0.021628365694199906,100.17820334682342,1.1343641838622918,1.070908330258886,1.3365383387179683e-05,1.9091067409247977e-11,0.016989912284063498,1.6240925952110205e-07,6.34535116490232e-13,100.45856001310077,1.3333582753337496,0.09889927596229867,0.3388390292084265,32.0
S0046,L2,Roth,LOT2026003,D100-PE-050,Cu-ETP,0.6090508953142476,PE,0.4149707323365095,0.9832664785542947,77.09574375502812,58.76517494599397,0.315,0.9836535067246296,0.004936251017708796,0.9900990099009901,5.67170718188106,1.4902326785424762e-05,1.7397058250346853e-11,0.017348732125325946,99.59305710649747,1.2473188817444685,1.0,1.472148729552292e-05,1.7377676898852283e-11,0.020291945685810654,1.7882792142509714e-07,6.219117475104055e-13,100.25351528372325,1.0010300203080846,0.6913598121166883,0.3710287558434876,25.678215424969384
S0047,L3,Nitra,LOT2026003,D100-PE-050,Cu-ETP,0.593592487247151,PE,0.36707485741633333,0.9685894253649027,46.220880670824066,39.28572097119993,0.5,0.9691873131435673,0.0048271870166256515,1.1764705882352942,5.680545624117146,1.3863072789075856e-05,1.9587357210781285e-11,0.02937912662207114,98.87565018890612,1.1227369507181106,1.0,1.3945524313487402e-05,1.9876684411444812e-11,0.02888991046265697,1.6635687346891027e-07,6.876207163234385e-13,99.09569079265388,1.1716376101617767,0.6845636496354165,0.35352137770873077,27.06815117838296
S0048,L1,Roth,LOT2026004,D100-PE-035,Cu-ETP,0.50743759463783,PE,0.2929239519957554,0.8608173136762751,57.46969814256558,41.779834171229886,0.4,0.8603544416350266,0.002716110839611761,1.2562814070351758,1.1459865831525475,1.5630498290518518e-05,2.3276199339576585e-11,0.02172221118912682,100.21808170403352,1.0968375576959337,1.0,1.5648443022273973e-05,2.3506450462373002e-11,0.024486865265768296,1.8756597948622222e-07,7.982859801872975e-13,100.22807160188232,1.223806776792986,0.1473898026455955,0.3974118766853831,32.0
S0049,L2,Roth,LOT2026004,D100-PE-035,Cu-ETP,0.5048733926098073,PE,0.2853504902470121,0.8488573350069528,81.28544497422375,57.27413442893563,0.315,0.8489424172546453,0.004823538638016801,0.9900990099009901,5.400732051815952,1.76326620657914e-05,2.476947916325606e-11,0.019569250648174535,98.91510925166922,1.2150769075747754,1.0462568167051873,1.752583115762816e-05,2.4574456859392366e-11,0.017543068820651642,2.1159194478949682e-07,8.102313342509548e-13,98.74223772856112,0.9799179972018611,0.7055695973927887,0.4440388268520211,25.25702493215194
S0050,L3,Nitra,LOT2026004,D100-PE-035,Cu-ETP,0.5018442791726458,PE,0.2962853342392064,0.8544281355080315,49.64419368716273,38.68246143473131,0.5,0.8545632753979617,0.004588926577521437,1.282051282051282,4.761339339473151,1.627954879902012e-05,2.3100779699846226e-11,0.020315755777509853,100.7609740079639,1.1359114128679022,1.0,1.580625539088714e-05,2.4819655689969362e-11,0.01824997785957598,1.9535458558824145e-07,7.930233909953867e-13,100.27733904809358,1.3309753896587795,0.6166299765651034,0.4020651429841014,29.24752970643712
S0051,L1,Roth,LOT2026004,D100-PP-022,CuSn0.3,0.40150349641179395,PP,0.3539997997140121,0.6613107767848395,57.697676187829856,41.5350502313415,0.4,0.6619360838044214,0.0026958807274881794,1.2562814070351758,1.0828454333345874,2.3181934878348987e-05,2.693890945432526e-11,0.023648223498422116,100.13813979065056,1.138420481316033,1.0,2.281124291540465e-05,2.5472382471991056e-11,0.027782814805991814,2.7818321854018784e-07,9.081672836297578e-13,100.63946790889581,1.29754440632426,0.19039980692646566,0.5740436191260508,32.0
S0052,L2,Roth,LOT2026004,D100-PP-022,CuSn0.3,0.3976818525673363,PP,0.3368090837638012,0.6453085266658406,84.71303278646943,55.70192859194457,0.315,0.6450246910030909,0.005309468600218496,0.9900990099009901,6.2194742959209375,2.5781046778163323e-05,2.8044015377043666e-11,0.015217374327281387,97.71075291790316,1.2236095217405092,1.0,2.6019554731947436e-05,2.7655129107062275e-11,0.016359446687624516,3.093725613379599e-07,9.413204613113099e-13,97.49991826612155,0.990816880472041,1.1229025311001624,0.6539400696127592,21.210648652999645
S0053,L3,Nitra,LOT2026004,D100-PP-022,CuSn0.3,0.40181851661601914,PP,0.333502585368201,0.6447994083923618,52.450625386586424,37.725545202347824,0.5,0.6451244156268705,0.005068586322316255,1.3888888888888888,5.521678931416703,2.42623804823922e-05,2.8259507421100293e-11,0.01440323837388854,96.27949293137914,1.1464663635504417,1.0,2.4200123832368024e-05,2.963695118008393e-11,0.01659754492482106,2.911485657887064e-07,9.477852226330088e-13,95.88337590638231,1.3977235670738681,1.0033120000653697,0.6105623993146665,25.04915624397754
S0054,L1,Roth,LOT2026004,D100-FEP-035,CuAg0.1,0.5040244664850061,FEP,0.19520546025838137,0.8457201264638449,59.452422601621095,40.270126550240384,0.4,0.8450775729472924,0.0026925817672872167,1.2562814070351758,0.9213255196861234,1.6485278568861503e-05,4.9439660733349965e-11,0.01871493968921066,99.53714152328135,1.1283224822334998,1.0783266646434415,1.6675892694141995e-05,5.089089614735493e-11,0.029730446565855356,1.9782334282633803e-07,1.4754550180681372e-12,99.83229072885503,1.2729602700159122,0.12198253458937461,0.439010032489349,32.0
S0055,L2,Roth,LOT2026004,D100-FEP-035,CuAg0.1,0.4991268331767981,FEP,0.23347452243288097,0.8470125235462894,70.40740708661652,56.39944822979632,0.315,0.8471244426444796,0.0044806402447997735,0.9900990099009901,4.940825260966243,1.6871266987561723e-05,4.248505479224801e-11,0.026938992372973897,102.19166813405515,1.1740166957891207,1.0,1.688800642805673e-05,4.323124521691915e-11,0.033131990814643256,2.024552038507407e-07,1.3745516437674402e-12,101.53880458795363,0.9771614599918925,0.6581600949042955,0.43961008495382586,26.119780157293654
S0056,L3,Nitra,LOT2026004,D100-FEP-035,CuAg0.1,0.49852214612994417,FEP,0.248615695347363,0.8334078346770483,51.359711078525926,38.68098142684315,0.5,0.8340346541944298,0.004329611892256869,1.3262599469496021,4.277161179186946,1.7022011475387674e-05,4.119565270398972e-11,0.017615203026046515,101.04223339794339,1.1697645080847185,1.0,1.672211331570423e-05,4.1889749908884693e-11,0.01796575716454194,2.0426413770465208e-07,1.3358695811196916e-12,101.36650717878582,1.310368755155792,0.5869784136091578,0.43474103383905083,29.5642614530587
S0057,L1,Roth,LOT2026004,D100-PE-050,Cu-ETP,0.6006924089395835,PE,0.42398680366512487,0.969196014947715,65.84040765741985,42.29157369001271,0.4,0.9685760818541373,0.0026883685302695128,1.2562814070351758,0.9067713152819483,1.3320040420662298e-05,1.7000797459786567e-11,0.021838523843374175,99.89617907785141,1.102928421309877,1.0,1.3334501919741568e-05,1.7089369395077846e-11,0.02972633822384164,1.598404850479476e-07,6.10023923793597e-13,99.6521038041798,1.2300937759819797,0.1126002284793752,0.3368820919850185,32.0
S0058,L2,Roth,LOT2026004,D100-PE-050,Cu-ETP,0.6026369447188844,PE,0.4005700507579666,0.9782992238582813,85.38658897349406,57.27172444359534,0.315,0.9789201506677156,0.0046117238959792195,0.9900990099009901,5.1070076977163525,1.4648709938930178e-05,1.8040384492649785e-11,0.026551547973000328,99.65436634727345,1.213926043060903,1.0,1.463431587095899e-05,1.755087005923194e-11,0.02707761662495646,1.7578451926716214e-07,6.412115347794935e-13,99.51404399536575,0.9914610564076562,0.6198292510283012,0.36899769366024,26.54877322435658
S0059,L3,Nitra,LOT2026004,D100-PE-050,Cu-ETP,0.6018401840512175,PE,0.34415310401480836,0.9673751279159638,48.66849384725791,38.61325454414364,0.5,0.9671061869421596,0.004565276613664364,1.2594458438287153,4.908980099271374,1.4206419012155757e-05,2.0687947199800675e-11,0.015924685872239778,96.18784543876666,1.1348194294228833,1.0,1.4442443686707485e-05,2.1146443665498172e-11,0.007249612198339497,1.7047702814586907e-07,7.206384159940202e-13,96.42423725424193,1.271443431470729,0.59216574353213,0.36645433887661405,28.79825391759052
S0060,L1,Roth,LOT2026005,D100-PE-035,Cu-ETP,0.5033237212884486,PE,0.288604732231873,0.8441985213512386,61.612442633881585,40.916948021108084,0.4,0.8448386571098736,0.002723246423563737,1.2562814070351758,1.0649434078358093,1.656469006993001e-05,2.3502783277803365e-11,0.020496461652110023,98.77930495500124,1.1364162726098017,1.0,1.6634964149609265e-05,2.391203432211029e-11,0.02396503703179329,1.9877628083916014e-07,8.050834983341009e-13,98.52169585092176,1.255906424439719,0.14027237212863894,0.4218199395221439,32.0
S0061,L2,Roth,LOT2026005,D100-PE-035,Cu-ETP,0.4955285822290741,PE,0.2259884815073752,0.8361410790604074,74.55869489923867,54.19120555466296,0.315,0.8367916301522447,0.004757492487556511,0.9900990099009901,5.36723154621675,1.793130051675468e-05,2.6940508490277832e-11,0.01782096363380739,96.88764946026448,1.1879268080375622,1.0,1.790843381731751e-05,2.7054704624025543e-11,0.008861070720077843,2.1517560620105618e-07,9.082152547083349e-13,97.5614514548876,0.9732350561501115,0.6931189943529226,0.454898433974419,25.172341997814947
S0062,L3,Nitra,LOT2026005,D100-PE-035,Cu-ETP,0.503580236723324,PE,0.2921796656112747,0.8445915811679023,48.45337056411012,37.28842580519301,0.5,0.8447760204157728,0.0051998948965130895,1.2987012987012987,6.138956838013167,1.7080875645159564e-05,2.3315149580500482e-11,0.016139326472876955,98.92157458801226,1.1741148842913385,1.0,1.685776038942963e-05,2.3741840166991545e-11,0.017065917942782668,2.0497050774191478e-07,7.994544874150144e-13,99.00235852149349,1.2579043374311487,0.8094595512295125,0.4271749124154217,26.2336443998202
S0063,L1,Roth,LOT2026005,D100-PP-022,CuSn0.3,0.4023157818341429,PP,0.34128840930192755,0.6529642211894994,55.656398000178704,41.20159265605765,0.4,0.6536138605664429,0.002676226236999373,1.2562814070351758,0.8053854742638451,2.3366989211558417e-05,2.7753604348575026e-11,0.021140044370029875,97.91274825959906,1.1242767663852946,1.0,2.3141107107966326e-05,2.5163984233956164e-11,0.02036494439386873,2.80403870538701e-07,9.326081304572507e-13,97.95578380495186,1.2142490764991993,0.1439472766613478,0.5819382669118511,32.0
S0064,L2,Roth,LOT2026005,D100-PP-022,CuSn0.3,0.40303386252570395,PP,0.36907770295240294,0.6610767547327533,82.73006878036557,53.849280760438305,0.315,0.6604221299346168,0.004970412954835978,0.9900990099009901,5.6787439398924535,2.4620503879253583e-05,2.5990405764750083e-11,0.030728170116131263,100.26513149570286,1.215213454427629,1.0,2.476216829573866e-05,2.5391034650793564e-11,0.03234717304251857,2.95446046551043e-07,8.797121729425025e-13,100.55818188646352,1.0202572183125518,1.007447483707895,0.6217827138531122,22.63151847885026
S0065,L3,Nitra,LOT2026005,D100-PP-022,CuSn0.3,0.39791199787791004,PP,0.35476916076514786,0.6523283271489914,50.648908682604734,37.11714567531995,0.5,0.6520750510594588,0.00498973812756922,1.366120218579235,5.294242765610948,2.292432977720038e-05,2.7862312595320434e-11,0.026278324987867717,99.62304726164014,1.1099608767565092,1.036157181476778,2.2840150573817613e-05,2.856117503279183e-11,0.02882379070471718,2.7509195732640453e-07,9.067013314218352e-13,98.64245835758165,1.3575386912259915,0.9466226147881436,0.5766050272878986,25.597477982045163
S0066,L1,Roth,LOT2026005,D100-FEP-035,CuAg0.1,0.5017350384980777,FEP,0.21623238758723942,0.8397432039492236,56.54235275041884,42.60361291152078,0.4,0.8391424244367357,0.002689723666526474,1.3262599469496021,0.7717092583149741,1.5768766699501527e-05,4.39817194141935e-11,0.02083093437794744,100.00445585591237,1.0794230257210415,1.0,1.568213711782939e-05,4.507894811790168e-11,0.023907978528676856,1.8922520039401833e-07,1.4194515824258048e-12,100.12596509211912,1.336068216293083,0.10382596890862926,0.4111806850603017,32.0
S0067,L2,Roth,LOT2026005,D100-FEP-035,CuAg0.1,0.5006192015901944,FEP,0.1799636319936029,0.8503750333111841,76.17548674050332,53.635257574471765,0.315,0.8506936287969628,0.005099234867292259,0.9900990099009901,5.92501711999695,1.7813670954497857e-05,4.7230759401356234e-11,0.02187388118012679,100.35574305070986,1.2209653193484655,1.0,1.800173104767166e-05,4.641503223975789e-11,0.02424573320270889,2.1376405145397428e-07,1.5169227820406869e-12,100.03413534635068,1.003644305783891,0.7707874090207429,0.4688005647078999,24.82252361378645
S0068,L3,Nitra,LOT2026005,D100-FEP-035,CuAg0.1,0.49500759021565865,FEP,0.15715512337029747,0.8344948698607916,51.24479416571196,37.22270091521407,0.5,0.8343885164788122,0.0043088216033958715,1.3774104683195594,4.604150172360261,1.7684329354675096e-05,4.934579007595429e-11,0.020782171757460683,98.70434399166045,1.1787912067467972,1.0,1.7794932500588092e-05,4.869326509801673e-11,0.022611631691026913,2.1221195225610116e-07,1.5803737022786287e-12,99.22277613571809,1.3472882375075779,0.6078439056412728,0.4651019285119037,29.298869090305413
S0069,L1,Roth,LOT2026005,D100-PE-050,Cu-ETP,0.6069951198638573,PE,0.41126072202070124,0.9733376359459236,63.61306524649215,41.69784115167486,0.4,0.9737306805379857,0.002711830877590912,1.2562814070351758,0.9182135213303678,1.3627527210115984e-05,1.756156636174307e-11,0.018925535264507232,98.62763493479021,1.1257491837788705,1.0,1.3733561366073572e-05,1.847238418774105e-11,0.014341928576498077,1.6353032652139182e-07,6.268469908522921e-13,98.58893112784789,1.2622652962457177,0.11337592019215179,0.3474861930002324,32.0
S0070,L2,Roth,LOT2026005,D100-PE-050,Cu-ETP,0.596761899339996,PE,0.4253916123706021,0.9801045421077679,80.24092992971228,55.56199440421346,0.315,0.9799598924226435,0.004989951841290226,0.9900990099009901,5.720025414169594,1.4228510828449709e-05,1.693950295690126e-11,0.018539086524637587,102.0814223674445,1.1960463593918536,1.0,1.439908664768623e-05,1.721485736682871e-11,0.020961462894957053,1.707421299413965e-07,6.081850887070377e-13,102.14197680927062,0.9563863692549767,0.6952768654979863,0.36303392065777285,25.44722096226087
S0071,L3,Nitra,LOT2026005,D100-PE-050,Cu-ETP,0.6001303357340618,PE,0.4036214667074629,0.9730189121919884,48.990800211412264,36.936427016087706,0.5,0.9736521310856872,0.004543606758757008,1.3262599469496021,5.238597055361051,1.4152520611802293e-05,1.790299012518903e-11,0.013839064618932377,99.63313722549613,1.1676802813627956,1.0,1.4107839246790433e-05,1.7506582880413818e-11,0.013934035572909764,1.6983024734162753e-07,6.370897037556709e-13,98.47620840502205,1.2794137510363954,0.6405512750056931,0.3560745938613397,28.475993125852504
S0072,L1,Roth,LOT2026006,D100-PE-035,Cu-ETP,0.49962171636815106,PE,0.2893105004466772,0.8414516380102421,62.525171477363585,41.19807353196341,0.4,0.8419514599587765,0.00274288677969314,1.2562814070351758,1.173743626367639,1.6685789968195134e-05,2.5993435305410257e-11,0.014823185947762073,99.26643821627535,1.1419084410700344,1.107721928474319,1.6844462326416252e-05,2.638961625442471e-11,0.009578166531117429,2.0022947961834162e-07,8.039700480032398e-13,99.56455135322618,1.2305273397643788,0.15480344512838518,0.4284375376922088,32.0
S0073,L2,Roth,LOT2026006,D100-PE-035,Cu-ETP,0.5010914100799333,PE,0.2943315593875589,0.8366175392276386,71.35229980126849,56.73253522249811,0.315,0.8372552750137088,0.005103442214559128,0.9900990099009901,5.888063161879869,1.6881914449631407e-05,2.3202643444040494e-11,0.008074999913866296,98.50451349085962,1.1498350631914445,1.0,1.697976197879577e-05,2.270901541658332e-11,0.015057933116953907,2.025829733955769e-07,7.960793033212148e-13,98.56966437046856,0.980817285720237,0.7864575356747512,0.42954355200709565,24.28615400089104
S0074,L3,Nitra,LOT2026006,D100-PE-035,Cu-ETP,0.4975138797267685,PE,0.3114527312027667,0.8445533311756668,51.987455282415326,38.67286439350928,0.5,0.8451989105725258,0.004488724903671142,1.3440860215053763,5.062513682802209,1.6691541703528544e-05,2.2319133337135803e-11,0.02053279442240831,101.06978841816603,1.1581472336416612,1.0,1.7235739190709294e-05,2.1177772190062464e-11,0.015626694481449262,2.0029850044234252e-07,7.69574000114074e-13,101.18109195233845,1.3279312315342775,0.6685487217231258,0.43489496484045276,28.55205231105199
S0075,L1,Roth,LOT2026006,D100-PP-022,CuSn0.3,0.40389719031764326,PP,0.36424493749292214,0.655983356265109,64.42820522258685,44.894838671399064,0.4,0.6562286049824173,0.0027203012907717028,1.2562814070351758,1.1814456494818457,2.2648087726507378e-05,2.629232709882625e-11,0.020269029400242427,98.90964670825917,1.1051091867289307,1.0,2.2899180782629222e-05,2.534014001404369e-11,0.01759772457820581,2.7177705271808855e-07,8.887698129647874e-13,98.70312744220068,1.2665524215324764,0.2120651194224316,0.5761178868844032,32.0
S0076,L2,Roth,LOT2026006,D100-PP-022,CuSn0.3,0.3991389738897333,PP,0.31708299450164357,0.6457164031480989,80.20487696984111,54.342508483279175,0.315,0.6452090804813668,0.0049067237823784025,0.9900990099009901,5.570067513184158,2.5543964061565678e-05,2.934382599368294e-11,0.021720666815820237,96.58234643353123,1.2027471907126561,1.0,2.5785824195067133e-05,2.8699373973276724e-11,0.03003952195515429,3.065275687387881e-07,9.803147798104883e-13,96.20810077085385,0.9547876788215783,0.9988709045500885,0.6488419694925869,21.80467863512231
S0077,L3,Nitra,LOT2026006,D100-PP-022,CuSn0.3,0.39735212311476475,PP,0.28634729239786094,0.6653300170853296,50.633169830989175,39.93221793075442,0.5,0.6655843284776441,0.004698530648819309,1.2690355329949239,5.06221680343788,2.3958315190704682e-05,3.143839065008611e-11,0.026757336523981167,99.28120624259785,1.1544178278473898,1.0,2.436538856732977e-05,3.107117614046618e-11,0.02814281013520772,2.874997822884562e-07,1.0431517195025831e-12,99.77637283123657,1.2790401125074826,0.8527680723511382,0.6154715483557003,25.957180289802256
S0078,L1,Roth,LOT2026006,D100-FEP-035,CuAg0.1,0.49925408863914444,FEP,0.18433843668939542,0.8490609868540481,59.82556995602844,43.266536899909624,0.4,0.8490257276186367,0.0027181901245008585,1.2562814070351758,1.0427790153839802,1.6119269022082337e-05,4.7030183405330003e-11,0.020181436684886082,100.64460487512355,1.1049882020423545,1.004242789698347,1.630586092854195e-05,4.520943871068762e-11,0.01721766184822637,1.9343122826498805e-07,1.504944617609558e-12,100.24067164966159,1.2531237538219473,0.13599363004453144,0.426536757051639,32.0
S0079,L2,Roth,LOT2026006,D100-FEP-035,CuAg0.1,0.4911294585974341,FEP,0.22970571886055252,0.8384458886739278,77.50037274049276,53.60437279765066,0.315,0.8389852059663632,0.004649775422439071,0.9900990099009901,5.189141699695932,1.6550772537443043e-05,4.2809603054541985e-11,0.023364412926312594,102.72706161448349,1.1391981959809219,1.0,1.6516548731984306e-05,4.2993901623785483e-11,0.023592872134939578,1.9860927044931652e-07,1.3842880916362596e-12,103.01125775885073,0.9479030303319451,0.6951591845422695,0.43036847120098354,25.426064979647904
S0080,L3,Nitra,LOT2026006,D100-FEP-035,CuAg0.1,0.500358614718455,FEP,0.20024368991953953,0.8236734934261392,48.37127472217625,38.359364799551635,0.5,0.8231524001719954,0.005302461167883038,1.2594458438287153,5.517216952948684,1.673316428433011e-05,4.5396994769272945e-11,0.02345873490004156,97.56156674891483,1.1143930390918468,1.0,1.649008247831722e-05,4.5193680230814855e-11,0.027720858050088046,2.0079797141196135e-07,1.4619098430781883e-12,97.40681379834986,1.2333293199029731,0.7595797594160953,0.4310402187206462,26.494463504598823
S0081,L1,Roth,LOT2026006,D100-PE-050,Cu-ETP,0.6015185006289044,PE,0.38677983781165637,0.9990926055989664,57.293966007368084,41.016243064238374,0.4,0.9992069683718698,0.002697121634350808,1.2562814070351758,0.8978035966499681,1.2928462455420384e-05,1.8668614216516865e-11,0.013917996168500127,101.76753338337429,1.0920584424742839,1.0,1.2996660472027888e-05,1.7780908258371602e-11,0.008904656041240367,1.551415494650446e-07,6.600584264955059e-13,101.50572894999512,1.2694217176438398,0.10466386020772638,0.32902077365276244,32.0
S0082,L2,Roth,LOT2026006,D100-PE-050,Cu-ETP,0.5971971253599102,PE,0.40225873243099003,0.9803567428624699,76.1719285352406,57.85991579879848,0.315,0.980603110498158,0.0038165064712155274,0.9900990099009901,3.65946518050577,1.3859885672907151e-05,1.7964277232365075e-11,0.026314464892576783,101.04704188213591,1.1540954401975805,1.0,1.4187474494192025e-05,1.731214209337286e-11,0.027514401462903407,1.663186280748858e-07,6.389283169709522e-13,100.98178404107631,0.9905600736630581,0.4405574946334548,0.35790914102197297,29.626811321140465
S0083,L3,Nitra,LOT2026006,D100-PE-050,Cu-ETP,0.6073004995558846,PE,0.4194585063662021,0.9804724095685217,48.64391458307814,39.532846684749664,0.5,0.9802424108622751,0.004668132948870279,1.231527093596059,4.981521450029846,1.3811922462735525e-05,1.7199195671846223e-11,0.017821896570986578,99.7832621311481,1.1549315152854642,1.0,1.3789966303604803e-05,1.7017623218367252e-11,0.020997965634018567,1.6574306955282629e-07,6.159758701553866e-13,99.05307786592061,1.2214919550464205,0.6100860513077557,0.34799524130943393,28.50991899663955
S0084,L1,Roth,LOT2026007,D100-PE-035,Cu-ETP,0.49514663517870317,PE,0.3215621681718985,0.8533968008806819,57.981308534395126,43.97556854337597,0.4,0.853289922699292,0.002689968092219079,1.2562814070351758,0.8544098507981676,1.566892993982484e-05,2.180704197725103e-11,0.017232333748411717,103.19033640337035,1.1047219000303867,1.0,1.5925123694439068e-05,2.1561521329922312e-11,0.019195829540891655,1.8802715927789808e-07,7.542112593175308e-13,102.77567339897155,1.2300333129787375,0.11125317637495055,0.40302196788523126,32.0
S0085,L2,Roth,LOT2026007,D100-PE-035,Cu-ETP,0.4974078703258332,PE,0.3069364789382619,0.8475617843837369,75.1959754906906,53.91679492574245,0.315,0.8469370259753873,0.005204826627359557,0.9900990099009901,6.073934685407757,1.7134304921047544e-05,2.25501929149484e-11,0.02029988469343754,101.29901905275668,1.1913109901855072,1.0,1.7418219714473024e-05,2.3478945392714508e-11,0.023277852067939905,2.0561165905257053e-07,7.765057874484519e-13,100.4447250443689,0.957547641147591,0.7961794513463899,0.440745822831414,24.213868050481576
S0086,L3,Nitra,LOT2026007,D100-PE-035,Cu-ETP,0.5008525725755182,PE,0.3452735865596399,0.856001342332324,53.09954818079072,36.76213738456876,0.5,0.8566099546809867,0.00501542849314459,1.445086705202312,5.814381831504555,1.6717444997792747e-05,2.063333758778579e-11,0.023071499662997527,103.26846432733194,1.1931314543884066,1.0,1.635128282575285e-05,2.115436566683432e-11,0.0267240357924094,2.0060933997351297e-07,7.190001276335737e-13,103.28716078491816,1.4533580727737931,0.7655829051740494,0.4132167060345767,28.34573710525457
S0087,L1,Roth,LOT2026007,D100-PP-022,CuSn0.3,0.39514477645248136,PP,0.35337272222916116,0.6574826835942511,60.51937828606887,41.59466868868782,0.4,0.658049487747658,0.00268923577463613,1.4534883720930232,0.822293692884578,2.349592548040345e-05,2.6978774919273748e-11,0.018873096391656987,101.29016254969396,1.1486302178024779,1.0,2.354255371424237e-05,2.7850591781502466e-11,0.017042396078033536,2.8195110576484136e-07,9.093632475782124e-13,100.55068208622322,1.4314929914136776,0.14454499075783087,0.5933834892413948,32.0
S0088,L2,Roth,LOT2026007,D100-PP-022,CuSn0.3,0.4066492439493402,PP,0.32691613096880945,0.6477097478050033,86.83266642254524,54.673272875534266,0.315,0.6479955783283164,0.005547951869522777,0.9900990099009901,6.500991101846517,2.4189644830516225e-05,2.8691611066234005e-11,0.021175437610465923,95.15044503665182,1.1432058886321772,1.0,2.423978978574858e-05,2.626751605447957e-11,0.021849945078222476,2.9027573796619473e-07,9.607483319870201e-13,95.41756807952616,0.9663653777519972,1.1784399935537633,0.6095125661270762,20.343668988652873
S0089,L3,Nitra,LOT2026007,D100-PP-022,CuSn0.3,0.4025239783476418,PP,0.33244875857645523,0.6503319937447086,51.08214785478788,36.546703059451275,0.5,0.6503091317003487,0.0038252562092540884,1.3966480446927374,3.60269994218694,2.472217878643992e-05,2.8328388236432172e-11,0.02316361289176297,97.03181018461933,1.1793882607944617,1.0,2.445839230645775e-05,2.889582933992049e-11,0.023507463558238205,2.96666145437279e-07,9.498516470929652e-13,96.77087799459385,1.352268701861286,0.6460191130393111,0.616444268088486,28.65340998713559
S0090,L1,Roth,LOT2026007,D100-FEP-035,CuAg0.1,0.49795900647032815,FEP,0.1395134846938617,0.8377379696142331,60.31543330597787,43.27464848717965,0.4,0.8380219489779521,0.002726604011039686,1.2562814070351758,0.9814202646207143,1.7021072350603033e-05,5.7656610239531407e-11,0.02095704138710616,97.85503779498349,1.1315242522132793,1.130063199034876,1.6904205064991364e-05,5.684734460805118e-11,0.021604787154525584,2.042528682072364e-07,1.6306208614378214e-12,97.83696631803576,1.2414320762116384,0.12839608864724947,0.4481760579425708,32.0
S0091,L2,Roth,LOT2026007,D100-FEP-035,CuAg0.1,0.5021607291253906,FEP,0.23052731790220413,0.8457123911225355,81.39655642240227,54.228485912360256,0.315,0.8458257422148151,0.005030909170289787,0.9900990099009901,5.824046065111071,1.7465127996979382e-05,4.684518472398394e-11,0.016563068966450996,101.22571802869909,1.211171250005113,1.0960827907308677,1.7302650108555044e-05,4.345805176746812e-11,0.018901902301689737,2.095815359637526e-07,1.3821618527396344e-12,101.07607467753138,0.9918706344693403,0.7793637692869244,0.4499022423661292,24.698888453169808
S0092,L3,Nitra,LOT2026007,D100-FEP-035,CuAg0.1,0.4955868507354672,FEP,0.13247735752918466,0.833432972633738,50.36056759008637,35.80969802918516,0.5,0.8336460706106877,0.00412451233003917,1.404494382022472,3.9066184379984246,1.73523017902735e-05,5.253037954385174e-11,0.03033357004709761,97.5670132914397,1.1446693283451397,1.016093973415849,1.7144053025748262e-05,5.184563626909711e-11,0.03436276877742184,2.0822762148328199e-07,1.6509504313048326e-12,97.2794657402515,1.4412687178435082,0.5125402951420809,0.4510506049786319,31.26517386278936
S0093,L1,Roth,LOT2026007,D100-PE-050,Cu-ETP,0.5946115434002643,PE,0.37068601834303877,0.9711181264121443,62.938635716232916,41.02972223019982,0.4,0.9717379840054068,0.0026886211062651646,1.2562814070351758,0.8877771034827876,1.342397334308532e-05,1.941711124106916e-11,0.01837981741211775,99.12870864044378,1.091829012173012,1.0,1.3578802826659155e-05,1.9242782865651807e-11,0.009878809601203749,1.6108768011702385e-07,6.825133372320748e-13,99.37375304078704,1.2612778746999658,0.10681096444639641,0.3441574554518725,32.0
S0094,L2,Roth,LOT2026007,D100-PE-050,Cu-ETP,0.60658055542316,PE,0.4282893845683956,0.9891362879923167,83.63068581147769,53.30002914674637,0.315,0.98965690112297,0.0044520022104212265,0.9900990099009901,4.831531255720233,1.3412238032747555e-05,1.7280248145607193e-11,0.020034466163488612,101.35047054958622,1.1377746956043708,1.027763574344972,1.358659038762104e-05,1.8097187984410288e-11,0.020075348092340132,1.6094685639297066e-07,6.04403402989461e-13,101.3199397692754,0.9776485288373244,0.5851058851158054,0.34366127030204274,27.074255814231527
S0095,L3,Nitra,LOT2026007,D100-PE-050,Cu-ETP,0.6094845736805578,PE,0.4382891804334598,0.9831384647541362,52.849718093474365,39.37211259086323,0.5,0.9831870391805797,0.005511899759106174,1.3440860215053763,5.824809984173407,1.4050449378093787e-05,1.638234553225851e-11,0.02075554315680989,100.46299282564995,1.1871341783061002,1.0,1.4298422459253624e-05,1.6171430759442378e-11,0.01651023248029496,1.6860539253712544e-07,5.914703659677552e-13,101.07934995073343,1.3117703142238912,0.7174209552759002,0.35994192400230773,27.780571778930756
S0096,L1,Roth,LOT2026008,D100-PE-035,Cu-ETP,0.5087388881106918,PE,0.3455176823863233,0.850746636466777,56.865311949194854,42.598918961165445,0.4,0.8511793145619032,0.002731602111689025,1.2562814070351758,1.056318939679941,1.53770174346104e-05,2.06214520777734e-11,0.021101155986782555,100.80951943073211,1.0882015799938625,1.0,1.554525798986362e-05,2.141778392566939e-11,0.025730966413437834,1.845242092153248e-07,7.186435623332019e-13,99.94829605832246,1.2748734627181635,0.1416101329524595,0.3936312207685985,32.0
S0097,L2,Roth,LOT2026008,D100-PE-035,Cu-ETP,0.5027071729933228,PE,0.3159391057403702,0.8412383760282155,83.22248820060597,55.63606698331185,0.315,0.8418650987488255,0.0047292822862949144,0.9900990099009901,5.330427961228822,1.7524479378022707e-05,2.2091005512302725e-11,0.01890094391003812,99.65281583247682,1.2114083032771714,1.0,1.7520804151811344e-05,2.2428706094341487e-11,0.022846646075427062,2.1029375253627248e-07,7.627301653690817e-13,100.4306280744675,0.9845351867085208,0.7135537987316908,0.4426284569187733,25.264656621657142
S0098,L3,Nitra,LOT2026008,D100-PE-035,Cu-ETP,0.5017747535280399,PE,0.302755189531319,0.8518327751902812,51.029718392900136,36.40407410637423,0.5,0.8524741194485522,0.005141340255074707,1.400560224089636,5.84691157925211,1.666860393640763e-05,2.3949186117092728e-11,0.024418089996238176,100.71041710706791,1.1623132612211184,1.0520000460111552,1.6784837575597045e-05,2.4128808292835936e-11,0.01733017667208673,2.0002324723689154e-07,7.829615514153345e-13,100.2811609055236,1.3935966555612047,0.7627469274956147,0.42562086723426784,27.79539519607795
S0099,L1,Roth,LOT2026008,D100-PP-022,CuSn0.3,0.39748657698443235,PP,0.3351292162201269,0.655473970370161,59.22915090933663,44.021522866951585,0.4,0.6548262726042542,0.0027075414756109997,1.2562814070351758,0.9726839118259863,2.2637421823766845e-05,2.8153377055146618e-11,0.014933049725558565,99.51211580874447,1.0936782085992132,1.0,2.287010641379161e-05,2.737849833498704e-11,0.008928566868985029,2.7164906188520217e-07,9.446013116543984e-13,100.14961130371604,1.2791640749535822,0.17111885981861397,0.5766283742776316,32.0
S0100,L2,Roth,LOT2026008,D100-PP-022,CuSn0.3,0.40221826106980807,PP,0.3717278172089749,0.6695991505874571,77.80343455893161,55.323740310555976,0.315,0.668956280951927,0.004798848384057823,0.9900990099009901,5.401335841605214,2.4282659307193922e-05,2.5825675601082512e-11,0.022433864977184977,102.10713652208494,1.218086964895406,1.0,2.4419190558750424e-05,2.5699870630816677e-11,0.013463544463102588,2.9139191168632704e-07,8.747702680324753e-13,102.31069525861179,1.0229924717750085,0.9389700206972238,0.6135660400326609,23.424310900512204
S0101,L3,Nitra,LOT2026008,D100-PP-022,CuSn0.3,0.39787509925288367,PP,0.35799240843278207,0.6559352128662531,50.39492095136754,38.30326989514634,0.5,0.6563736426992994,0.004340986033120809,1.3157894736842106,4.782737252858281,2.4144482530325705e-05,2.6685871745312726e-11,0.01684124605510939,100.4070655807803,1.1781297008578062,1.0,2.3783047666811198e-05,2.604135905477104e-11,0.018083088038305994,2.8973379036390846e-07,9.005761523593817e-13,100.59463530257807,1.3023660362068659,0.8487744621784974,0.5981888667916148,26.25287538712727
S0102,L1,Roth,LOT2026008,D100-FEP-035,CuAg0.1,0.49920345012674283,FEP,0.20081085394812023,0.853388580723405,58.93914933099858,40.30335991073233,0.4,0.8527411089862386,0.0027594151538036012,1.2562814070351758,1.2201244022945692,1.6040941379019796e-05,4.534633479051649e-11,0.01928351379427415,101.81820433073517,1.1123284150264479,1.0,1.5989933118818896e-05,4.6293439715636254e-11,0.018739572530587882,1.9249129654823756e-07,1.4603900437154947e-12,101.53334604325288,1.2135394528305792,0.15882152866958327,0.4194486004925859,32.0
S0103,L2,Roth,LOT2026008,D100-FEP-035,CuAg0.1,0.5041541497295121,FEP,0.20817621634639627,0.8430589196665249,83.69696095424906,55.96125578009082,0.315,0.8436012340870441,0.005741476617348826,0.9900990099009901,6.931055784422115,1.7495626285508027e-05,4.469150451771582e-11,0.01684143215926083,99.61776777214062,1.1987532944169965,1.0,1.69248022623752e-05,4.5316106555676974e-11,0.02158297727316134,2.0994751542609633e-07,1.4407451355314744e-12,99.62626808263315,0.9809675545087659,0.926604347055041,0.44176184045797945,22.960717049855084
S0104,L3,Nitra,LOT2026008,D100-FEP-035,CuAg0.1,0.5030242407254998,FEP,0.21735847823661997,0.8410927687463107,49.57403787915771,37.665395802429416,0.5,0.8413634442351287,0.004810739573120727,1.3157894736842106,5.569829046435705,1.6234536030366033e-05,5.035648494739763e-11,0.013274821143345652,99.93630910483411,1.1134026985950816,1.1475158555334852,1.6453870449367062e-05,5.169799822211973e-11,0.008365131004821764,1.948144323643924e-07,1.4164912198268495e-12,99.64860770806295,1.3849921819904933,0.7488661186531017,0.4340550093863937,27.83410364651887
S0105,L1,Roth,LOT2026008,D100-PE-050,Cu-ETP,0.6064541173762781,PE,0.43245410929485195,0.993401416508093,63.802688597554834,43.34823608682784,0.4,0.9939188830966516,0.0027503729483311107,1.2562814070351758,1.0715996401069923,1.3307222876482669e-05,1.663316836787805e-11,0.019603722144256597,102.0669880240092,1.1366099227513358,1.0,1.3226883366103075e-05,1.660961939520204e-11,0.01547399024051743,1.5968667451779204e-07,5.989950510363414e-13,102.27566443514446,1.241759243596112,0.12909055216645496,0.3339575547027166,32.0
S0106,L2,Roth,LOT2026008,D100-PE-050,Cu-ETP,0.5963713087865394,PE,0.39276605393049735,0.9647289654889776,78.61739004855247,55.508410092610774,0.315,0.9651760432368637,0.004754059311073006,0.9900990099009901,5.3240323373491565,1.4931221235326743e-05,1.9514998193979862e-11,0.01643286381691184,98.91433946622266,1.2153800173825737,1.0609189311623175,1.4795558171618473e-05,2.02531368124428e-11,0.01677419603112293,1.7917465482392092e-07,6.518328767854023e-13,98.82292012093616,0.9840693236511958,0.6545464771623033,0.3745682466924639,25.945663915850737
S0107,L3,Nitra,LOT2026008,D100-PE-050,Cu-ETP,0.6028316251250668,PE,0.4053690947616642,0.9756795510622832,51.70082922941849,36.962512671750424,0.5,0.9762847433139494,0.004190644200426833,1.400560224089636,3.869641534475503,1.3753558734831273e-05,1.7824562591348647e-11,0.01923388120846063,99.49596722039311,1.1383016278306786,1.0,1.3776064557370846e-05,1.8220954653128985e-11,0.01813308966390274,1.6504270481797529e-07,6.347368777404594e-13,99.38623627318309,1.3588301404100984,0.47272713374567643,0.34837660136415066,31.625977110146565
S0108,L1,Roth,LOT2026009,D100-PE-035,Cu-ETP,0.5009063119211786,PE,0.2782189024161393,0.8437202030678195,57.260880059680176,41.151253888091674,0.4,0.8434180462313391,0.002722572131228529,1.2562814070351758,0.9802653151158273,1.6891373850415202e-05,2.4053078689089562e-11,0.02633946871277153,98.82272740606548,1.1537695650736013,1.0,1.737801214934857e-05,2.3893030045210696e-11,0.0291577711962445,2.0269648620498244e-07,8.215923606726868e-13,99.00511080635529,1.2604478011430358,0.12833532188297025,0.4400096334860586,32.0
S0109,L2,Roth,LOT2026009,D100-PE-035,Cu-ETP,0.49664846280269354,PE,0.30337851575408625,0.8448366117167171,79.88707247653643,52.58475982284607,0.315,0.8453379867657741,0.0055892232221673045,0.9900990099009901,6.646783179137665,1.7078830427331637e-05,2.2733227573058912e-11,0.027712769200204934,100.96118099396527,1.1816868664334674,1.0,1.7532590514964896e-05,2.317675827362464e-11,0.030781007458661802,2.0494596512797966e-07,7.819968271917673e-13,100.80255445125871,0.9738722601369361,0.8735638880271452,0.4433663179017837,23.526009633081962
S0110,L3,Nitra,LOT2026009,D100-PE-035,Cu-ETP,0.4996464659970594,PE,0.31532199589919296,0.852341417770922,51.59761257046947,38.152428275016604,0.5,0.8521630693887776,0.003825340240241186,1.3513513513513513,3.6459269176925946,1.582994900057234e-05,2.2122302268407925e-11,0.022162399807410926,101.77967190679774,1.1108211669257955,1.0,1.5986121140652508e-05,2.0868799131452298e-11,0.022888768194531377,1.8995938800686808e-07,7.636690680522377e-13,101.78000898217377,1.3928573072752046,0.4766122029576724,0.40410061151809634,31.966825049899704
S0111,L1,Roth,LOT2026009,D100-PP-022,CuSn0.3,0.4018704528462716,PP,0.3457885914383304,0.6694319501504772,59.819354321272044,43.3953823447888,0.4,0.6687972461957499,0.002693238132731877,1.2562814070351758,1.0090628863952409,2.2798559172447756e-05,2.7463590527250938e-11,0.0162415331567133,101.10972625213178,1.1314896351750094,1.0,2.302700858206629e-05,2.8004325576871723e-11,0.009128086471924254,2.735827100693731e-07,9.239077158175281e-13,100.3134938072175,1.2544296973429627,0.1735636778958631,0.5808471812862086,32.0
S0112,L2,Roth,LOT2026009,D100-PP-022,CuSn0.3,0.4035751942491384,PP,0.31701176667428427,0.6716081433977825,75.42021007233699,56.07700998472767,0.315,0.6722655668221756,0.00476735410346652,0.9900990099009901,5.375206428889632,2.389044344055689e-05,3.294569793914302e-11,0.01334413062147962,99.82441423758752,1.1755730297421132,1.1225652500803969,2.37058338302285e-05,3.323123636030064e-11,0.012356124485909416,2.866853212866827e-07,9.804574505611186e-13,99.89557215964612,0.9920700979346091,0.9113829610241521,0.6006112143655219,23.220339238640115
S0113,L3,Nitra,LOT2026009,D100-PP-022,CuSn0.3,0.39836077261765596,PP,0.37592378602600374,0.658955109569675,49.41731212670768,39.107492469490424,0.5,0.6583172256715422,0.00468645347598993,1.2626262626262625,5.1273744031319834,2.3335337528404104e-05,2.5566056444337075e-11,0.019387331570039367,101.53491191813438,1.1528431339913114,1.0,2.3698123772670257e-05,2.496468616326068e-11,0.024910516509677773,2.8002405034084925e-07,8.669816933301122e-13,100.97126777123275,1.2710240607487129,0.9105948092813952,0.5954629397091542,25.52765469163381
S0114,L1,Roth,LOT2026009,D100-FEP-035,CuAg0.1,0.50609742409383,FEP,0.1707147396982236,0.835955262610421,58.7352502992212,39.768559520758096,0.4,0.8356760406490291,0.0027570259368162745,1.2562814070351758,1.2921758138786994,1.6925706368443868e-05,4.8081625247384264e-11,0.020998173642316768,96.91377023641947,1.1325739978320477,1.0,1.6958532302989894e-05,4.829905706730493e-11,0.012506351093535742,2.0310847642132642e-07,1.542448757421528e-12,97.04032073983896,1.232403424754884,0.1730955743023969,0.4443774540983377,32.0
S0115,L2,Roth,LOT2026009,D100-FEP-035,CuAg0.1,0.49496515654061846,FEP,0.14853280652193337,0.8398475912475799,81.3844576839489,53.2985588760579,0.315,0.8400433591637326,0.004175864294667467,0.9900990099009901,4.389214263725628,1.7894957910891133e-05,5.498275612384541e-11,0.009324739602289765,99.10976478429593,1.1976279485344652,1.096145209627147,1.784823086966038e-05,5.561204371247022e-11,0.00881206544678596,2.1473949493069362e-07,1.6048030764796508e-12,99.48293578792978,1.032010913264402,0.5719999132200065,0.4705581703991394,27.54687018023009
S0116,L3,Nitra,LOT2026009,D100-FEP-035,CuAg0.1,0.5016017584290648,FEP,0.16309750891751731,0.8359152652167804,51.27069957911343,38.68978333645422,0.5,0.8359032562029554,0.00460712455860932,1.3262599469496021,4.955977214549561,1.7059186725587124e-05,4.8789318805361754e-11,0.016796174498747898,97.63776313550245,1.1398176104542548,1.0,1.7219703820101544e-05,4.907451457168275e-11,0.017978977045759927,2.047102407070455e-07,1.5636795641608525e-12,97.14489732295458,1.2904271261806117,0.6587609893509855,0.4512403215427044,28.131243371160455
S0117,L1,Roth,LOT2026009,D100-PE-050,Cu-ETP,0.6043377828426256,PE,0.3787811940778013,0.9679030760255974,60.21490553087591,43.54416081944493,0.4,0.9674528632083027,0.0026675479231825436,1.2562814070351758,0.765231344095468,1.331357008356655e-05,1.9038537427043832e-11,0.01993512522721223,97.15884219575726,1.0786917843788215,1.0,1.3369095166677685e-05,1.888296421952886e-11,0.022339227310653843,1.597628410027986e-07,6.71156122811315e-13,96.8800744945761,1.2131607914238876,0.09381293035622382,0.33880530533754477,32.0
S0118,L2,Roth,LOT2026009,D100-PE-050,Cu-ETP,0.6031038674741857,PE,0.41545924941542245,0.9626078148859293,76.52742406297318,55.90801838033369,0.315,0.962154487707229,0.00451853037759126,0.9900990099009901,4.9070857095328355,1.4689171938747112e-05,1.737545983698297e-11,0.018104700101665185,98.23913776393375,1.2009218159960626,1.0,1.4470249446004444e-05,1.7541744627245314e-11,0.016793460326991135,1.7627006326496535e-07,6.21263795109489e-13,98.74508837661462,0.9834467006081518,0.6155599449308312,0.36497300830151264,26.414075083511534
S0119,L3,Nitra,LOT2026009,D100-PE-050,Cu-ETP,0.6058569874217847,PE,0.41919193403394317,0.9849698731289388,49.83930539442614,36.85762047150119,0.5,0.985554518313501,0.004692850835001617,1.3513513513513513,5.316615310976883,1.3495461172050177e-05,1.7210914101596393e-11,0.02506866264689287,100.60560221421643,1.1350651261393974,1.0,1.3479381074291933e-05,1.7138774875805305e-11,0.030821364941904166,1.6194553406460213e-07,6.163274230478917e-13,100.83927710914449,1.3464389353473283,0.6453109747171434,0.34046058000787577,28.939570245144523
S0120,L1,Roth,LOT2026010,D100-PE-035,Cu-ETP,0.5039583814347559,PE,0.32918790732446473,0.8344326551225554,63.93120346144275,43.00949714627957,0.4,0.8350677288592765,0.0027383693598011217,1.2562814070351758,1.1808849564281092,1.6271719362239387e-05,2.1425410073530486e-11,0.020117930342192156,98.999292590717,1.120213942227604,1.0,1.624536120647104e-05,2.1017850360678915e-11,0.02440787112085261,1.9526063234687265e-07,7.427623022059146e-13,98.90973920839633,1.229057308084953,0.16121235239140805,0.41054016309415886,32.0
S0121,L2,Roth,LOT2026010,D100-PE-035,Cu-ETP,0.4957274331674584,PE,0.3371869612509662,0.8547413744039299,79.2174946955578,54.38617756867374,0.315,0.854736546765787,0.004613520275703804,0.9900990099009901,5.115996763045693,1.7215283248345186e-05,2.1029348713108906e-11,0.02247477163812136,103.90894705435056,1.2236320232486115,1.0,1.6984274841545212e-05,2.1287714523163048e-11,0.0218569021145032,2.0658339898014222e-07,7.308804613932672e-13,103.55086757032379,0.9815890810895196,0.6693143387391989,0.428801591147944,26.15782540740558
S0122,L3,Nitra,LOT2026010,D100-PE-035,Cu-ETP,0.49872776475563635,PE,0.24941614434053547,0.8325383323854517,49.64817335909377,39.504411621067085,0.5,0.8331833572778438,0.004294245221938447,1.2562814070351758,4.640951336424058,1.781200951400769e-05,2.5620237185598478e-11,0.020082454670458116,96.66158442779634,1.1848711880633414,1.0,1.7865832462077837e-05,2.624740839243622e-11,0.007937327702331388,2.137441141680923e-07,8.686071155679542e-13,96.59322128148867,1.2636329883725326,0.611431441372346,0.4533705026969322,28.509316675347893
S0123,L1,Roth,LOT2026010,D100-PP-022,CuSn0.3,0.3984076283766676,PP,0.3480131022059176,0.6580247623676072,62.449618231535446,41.59376713836983,0.4,0.6584270696838148,0.0027293839018703307,1.2562814070351758,0.9783325773221944,2.3068225126667603e-05,2.7320877022186662e-11,0.02655647819500688,100.21516978850146,1.124966166051417,1.0,2.3257371666637877e-05,2.5335133133960535e-11,0.02028782980480222,2.768187015200112e-07,9.196263106655998e-13,100.65225304233137,1.2545375958965839,0.17218652530414794,0.5848888415428157,32.0
S0124,L2,Roth,LOT2026010,D100-PP-022,CuSn0.3,0.40685374400715457,PP,0.3543298311212667,0.66273486855848,83.49135063224611,54.71045331890469,0.315,0.6627110342668198,0.005004604078326544,0.9900990099009901,5.703866998478297,2.454547305340427e-05,2.691794170791612e-11,0.021034444104143,98.85800818885436,1.2058290635426452,1.0,2.4419392987234972e-05,2.832913090153066e-11,0.022706179512299834,2.9454567664085124e-07,9.075382512374835e-13,98.4746792960138,1.0301640763245195,1.0075216264086184,0.6151489319890506,22.592052334416557
S0125,L3,Nitra,LOT2026010,D100-PP-022,CuSn0.3,0.39881145568222043,PP,0.31276986382670835,0.6593274134738659,48.43269150929193,37.506080302017516,0.5,0.6597249093562862,0.004810179358826739,1.2919896640826873,5.476831792329088,2.4350674847937547e-05,2.963261758002054e-11,0.02665176065898553,98.90338407426407,1.1731510832944474,1.0,2.4712523463759135e-05,3.042466940667342e-11,0.024844911128973447,2.9220809817525056e-07,9.889785274006163e-13,100.09675424045803,1.3263756065268137,0.9478400467337218,0.6235865433609197,25.321627209630805
S0126,L1,Roth,LOT2026010,D100-FEP-035,CuAg0.1,0.5001086782247721,FEP,0.19945939254804232,0.8609322876508092,63.10004718477692,41.84985389754068,0.4,0.8611177272851337,0.002718401911849136,1.2562814070351758,0.9350954645622941,1.592807592135517e-05,4.5467105029474457e-11,0.026292536469721073,102.54343757846132,1.1143862589474334,1.0,1.6003242483503507e-05,4.4680984083475585e-11,0.023938185296506792,1.9113691105626207e-07,1.4640131508842336e-12,102.06998626923483,1.253588006725097,0.12016169623683534,0.41880735086854604,32.0
S0127,L2,Roth,LOT2026010,D100-FEP-035,CuAg0.1,0.4977341516516414,FEP,0.21002030922390286,0.8485081916713076,86.20364551818074,55.545335646509294,0.315,0.8488875258832589,0.004964256486523699,0.9900990099009901,5.711672484636469,1.7244966686109063e-05,4.452843751520998e-11,0.02529582179585665,101.84440463667308,1.1926064180773825,1.0,1.6776833685732438e-05,4.763422813361136e-11,0.02907419125314261,2.0693960023330877e-07,1.4358531254562993e-12,102.3222617857407,0.9532686664843026,0.7513241104299861,0.4395285441248634,24.725278053788745
S0128,L3,Nitra,LOT2026010,D100-FEP-035,CuAg0.1,0.5018363633145316,FEP,0.22696659884193002,0.8377873694046802,49.816560984736604,39.12063683047235,0.5,0.8378720258648219,0.004794469165340929,1.272264631043257,5.163982260007082,1.7214963037239704e-05,4.304638819740104e-11,0.021029144478246917,100.10292149054642,1.179818339082185,1.0,1.7068037197294906e-05,4.3872209977125137e-11,0.01615484346460875,2.0657955644687647e-07,1.3913916459220312e-12,100.30820218309312,1.218346170512348,0.7000616104440188,0.4444038059471539,27.32039857884243
S0129,L1,Roth,LOT2026010,D100-PE-050,Cu-ETP,0.5932719760644242,PE,0.3933009222385077,0.9716392101101644,61.05185655900834,43.375133871273796,0.4,0.9719797247175807,0.0027783698789342966,1.2562814070351758,1.0932765664703654,1.393253168443964e-05,1.8370041292755363e-11,0.01714912083692513,100.39572376436638,1.145090609511277,1.0,1.4180026670463558e-05,1.9281243011507256e-11,0.01611451776122121,1.671903802132757e-07,6.511012387826608e-13,100.28748016201979,1.2523138473837216,0.1324875979283306,0.35890770249626097,32.0
S0130,L2,Roth,LOT2026010,D100-PE-050,Cu-ETP,0.6049125068584059,PE,0.39956725908922897,0.9746440649958584,74.87459367909454,54.52803898606799,0.315,0.9740578283824236,0.005124424720680011,0.9900990099009901,5.96022242553997,1.4359740239747084e-05,1.80856638722384e-11,0.02010375701068801,98.71911241425234,1.1832626445129164,1.0,1.4577982277815755e-05,1.9116371144054596e-11,0.022891898136572723,1.7231688287696502e-07,6.42569916167152e-13,99.12540061327968,1.0040143412962477,0.7291749874371217,0.36855693784410715,25.164962640611822
S0131,L3,Nitra,LOT2026010,D100-PE-050,Cu-ETP,0.5963503886241068,PE,0.38475936454490756,0.9858273750761452,52.621092549857195,38.87814097542948,0.5,0.985839923869606,0.004667000828924369,1.3550135501355014,4.832239951959082,1.3668085872386176e-05,1.8761671560318473e-11,0.023906119869767914,101.1298921562288,1.137442663551445,1.0,1.3830006959585717e-05,1.977003021749705e-11,0.03347446444437358,1.6401703046863412e-07,6.628501468095541e-13,101.43170568563359,1.343603779086259,0.5719813752498796,0.3506279866210384,30.014152196079884
S0132,L1,Roth,LOT2026011,D100-PE-035,Cu-ETP,0.5021514944234692,PE,0.3234452865990591,0.8303268926300545,59.863844164918675,43.67291912911449,0.4,0.8307889640501475,0.0027523871477459633,1.2562814070351758,1.1754662236417521,1.622906496231593e-05,2.1712430918593126e-11,0.022689181536771425,98.61039029241063,1.1088982557898326,1.0,1.6444883357735928e-05,2.186878006809206e-11,0.02064995484444114,1.9474877954779115e-07,7.513729275577937e-13,98.95639201518875,1.271331875142268,0.16100504611290745,0.415937842132131,32.0
S0133,L2,Roth,LOT2026011,D100-PE-035,Cu-ETP,0.5023368751541025,PE,0.29213938699403663,0.8449873644629973,78.9383371669508,52.87811830830935,0.315,0.8455020003948768,0.005042903929747921,0.9900990099009901,5.8330027153421335,1.728318325859307e-05,2.331725857666109e-11,0.016658207560360152,99.24712356352035,1.188988044501812,1.0,1.7084723400284524e-05,2.2655091846966904e-11,0.01675632339875993,2.0739819910311686e-07,7.995177572998327e-13,99.33379316562205,0.9883824849300288,0.7675042013760522,0.43208228645506513,24.630018888607754
S0134,L3,Nitra,LOT2026011,D100-PE-035,Cu-ETP,0.5101386248579045,PE,0.2807316448748803,0.8295561218581041,53.861906967601136,35.157536815784795,0.5,0.8294069464870801,0.005162956325479576,1.5337423312883436,5.755307757386903,1.687399661689669e-05,2.391922986298402e-11,0.0205344255828195,94.99574039119629,1.1283687794774682,1.0,1.7067123605314763e-05,2.4435012869729805e-11,0.022221167567820978,2.024879594027603e-07,8.175768958895206e-13,94.89613633150384,1.5152217230494618,0.7828406112622255,0.4327193569975167,27.788914183627327
S0135,L1,Roth,LOT2026011,D100-PP-022,CuSn0.3,0.3965487752223843,PP,0.3551170365986454,0.6653387877609167,57.86961779846566,44.411871434874875,0.4,0.665138191617335,0.0027606168703949285,1.2562814070351758,1.1544901410174424,2.2577118705688018e-05,2.6867966025171344e-11,0.016375984162242934,102.32312154654925,1.1189304117001495,1.0,2.322764751709758e-05,2.7133617946252423e-11,0.015998734858739174,2.709254244682562e-07,9.060389807551403e-13,102.92071652978169,1.3013244168164524,0.1997540139895708,0.5852396673345038,32.0
S0136,L2,Roth,LOT2026011,D100-PP-022,CuSn0.3,0.39640578795942744,PP,0.2904199837214048,0.6588594195245798,81.00375062857694,55.36867377104452,0.315,0.6588139590757678,0.0050576516098889525,0.9900990099009901,5.887976698679882,2.4336615791652355e-05,3.1155909501964915e-11,0.014288827182370775,98.61409772352737,1.1619925571327752,1.0,2.3917354115784854e-05,3.174031191290977e-11,0.011467536457702779,2.920393894998283e-07,1.0346772850589474e-12,98.70427270055512,1.019734797673373,1.007436105818717,0.6048977911192417,22.482949399657386
S0137,L3,Nitra,LOT2026011,D100-PP-022,CuSn0.3,0.3976681137712175,PP,0.37875055703073723,0.6645647385894733,50.22481871764036,38.14730061473209,0.5,0.6641441108099505,0.003991940518953231,1.3157894736842106,4.013372041567218,2.2530727685109787e-05,2.5391981103733637e-11,0.01413294393596516,102.8449314488009,1.1254936495153887,1.0,2.297118695665279e-05,2.5654736559880465e-11,0.022072302274153355,2.7036873222131744e-07,8.61759433112009e-13,102.4380966402942,1.3057126742902174,0.7034622380192863,0.5780706113326527,28.11456919992922
S0138,L1,Roth,LOT2026011,D100-FEP-035,CuAg0.1,0.5012823117774567,FEP,0.15997860439426448,0.843790897136723,58.1045445543133,40.93413002052665,0.4,0.8442455151370091,0.0027272706954616843,1.2562814070351758,1.120853470124653,1.7035953864490278e-05,4.908090616142794e-11,0.01976814017311028,98.63691916219442,1.1491811743455873,1.0,1.7188387470035036e-05,4.7707727175502435e-11,0.023624278180405887,2.0443144637388335e-07,1.5724271848428382e-12,98.65232311009494,1.2823508292708554,0.1466152603847996,0.44965338879075667,32.0
S0139,L2,Roth,LOT2026011,D100-FEP-035,CuAg0.1,0.4960320911920039,FEP,0.1789671327235437,0.8499467400864552,84.08245740871443,53.41011266154013,0.315,0.8496639620093492,0.005505405380301849,0.9900990099009901,6.488050462250462,1.7553849704825265e-05,4.732199229263859e-11,0.010056480680869428,101.27990386119637,1.2031107260834504,1.0,1.7574403543389603e-05,4.787973570954091e-11,0.010099685770690129,2.106461964579032e-07,1.5196597687791576e-12,100.2767075775606,0.9868684912275044,0.8403200692346539,0.45921146589432127,24.00553128404349
S0140,L3,Nitra,LOT2026011,D100-FEP-035,CuAg0.1,0.49150620158014524,FEP,0.2623108262919295,0.8474649422051297,49.40025936317958,37.50575878063243,0.5,0.8470293041351827,0.0041837353905107115,1.3157894736842106,4.012430423294152,1.6655883462585395e-05,4.0049137639765034e-11,0.02542839377130421,105.06218775788494,1.1733924343418303,1.0,1.673501159846483e-05,3.912836053786467e-11,0.028550995420344935,1.9987060155102475e-07,1.301474129192951e-12,104.41744838842291,1.2845858725344375,0.5353186022330517,0.4334005744701971,30.53071965693504
S0141,L1,Roth,LOT2026011,D100-PE-050,Cu-ETP,0.6023859018076146,PE,0.40280309314047236,0.9660914416884504,60.59592417800861,45.34869563034524,0.4,0.9666071816398655,0.002685439797054581,1.2562814070351758,0.8410490143302831,1.3751334560735936e-05,1.7939781438097055e-11,0.02543073313295537,98.29881403166922,1.123592133667101,1.0,1.3892221598042923e-05,1.7938961519028262e-11,0.02411401582532279,1.6501601472883124e-07,6.381934431429116e-13,98.43017475394147,1.271713607342429,0.10424917274793326,0.3510529044507613,32.0
S0142,L2,Roth,LOT2026011,D100-PE-050,Cu-ETP,0.5910764461327518,PE,0.3871492953482429,0.9722720178242666,82.0614279950222,55.661349715956476,0.315,0.9716426289172713,0.005097163215546628,0.9900990099009901,5.922256888270013,1.4370069768414681e-05,1.8651626161649774e-11,0.015922459004559956,100.65009701466123,1.1796617353517922,1.0,1.4289577941671374e-05,1.7355544355524106e-11,0.010134319453342878,1.7244083722097617e-07,6.595487848494932e-13,100.60382830031041,0.9834852335459904,0.7135421122498457,0.3604354863134215,25.342023368263533
S0143,L3,Nitra,LOT2026011,D100-PE-050,Cu-ETP,0.5928118560003374,PE,0.4390020881250514,0.9851360557116319,49.272343212052824,36.21523425269167,0.5,0.9852929397169975,0.004535338274691722,1.3623978201634879,4.413977307455349,1.3402530226756644e-05,1.6351841117454296e-11,0.02127306199996653,104.06603210907885,1.1409153847875686,1.0,1.3369576322491605e-05,1.5831501062353775e-11,0.03144998003554335,1.6083036272107974e-07,5.905552335236288e-13,104.11723715061557,1.33923725555164,0.5331798179920166,0.336986585250471,30.84463105226671
S0144,L1,Roth,LOT2026012,D100-PE-035,Cu-ETP,0.4951819300409447,PE,0.31855531643977864,0.8405982398454325,62.97688276893653,43.505548836751814,0.4,0.8411594302488805,0.0027283451629532087,1.2562814070351758,0.9841921693701156,1.6170574730704613e-05,2.1997663749750914e-11,0.017833323873552253,101.36965195024898,1.1200540063587225,1.0017782253392042,1.613161106568247e-05,2.2051777211400916e-11,0.014713661752670217,1.9404689676845535e-07,7.587584914506139e-13,101.50868234463188,1.2239815551260322,0.13096914744222782,0.40837382540913447,32.0
S0145,L2,Roth,LOT2026012,D100-PE-035,Cu-ETP,0.5005540109026853,PE,0.2908584359255612,0.8654550070265752,84.6364493145756,55.41435620123523,0.315,0.865948846808035,0.005522123670166105,0.9900990099009901,6.566078541466559,1.6499892808450423e-05,2.3384389572828863e-11,0.01637716445197146,102.22668530209239,1.1650300087694012,1.0,1.6407364830890383e-05,2.3101514116881226e-11,0.010377918375536498,1.9799871370140508e-07,8.015316871848659e-13,101.74802294631031,0.972964215899797,0.8310179612148241,0.41575805074054667,24.0597894604031
S0146,L3,Nitra,LOT2026012,D100-PE-035,Cu-ETP,0.49849534611285423,PE,0.2731127866053538,0.8413288956158208,51.884129046837465,38.97097595748022,0.5,0.8406883819552647,0.004879741503023867,1.3297872340425532,5.0760181625409695,1.6532791395569496e-05,2.432647716849148e-11,0.024805098619600438,98.83165691635507,1.123942607123674,1.0,1.690202448152736e-05,2.3867710378827208e-11,0.018200746193928856,1.9839349674683397e-07,8.297943150547443e-13,98.75764003601473,1.4113672415958594,0.6643037305745573,0.4283347252673625,28.942163094341083
S0147,L1,Roth,LOT2026012,D100-PP-022,CuSn0.3,0.4022447631490629,PP,0.371804317457914,0.6660476148955519,60.216656701980995,43.03491332259469,0.4,0.6656055794797301,0.002722026458089045,1.2562814070351758,0.8994568350911085,2.332385827069606e-05,2.582092910545261e-11,0.024538468752080142,101.48261269788743,1.1629113255160992,1.0,2.3081270705904885e-05,2.5976267832760654e-11,0.023864151113520856,2.7988629924835273e-07,8.746278731635782e-13,101.24644546719018,1.280232557811905,0.15768308939361234,0.5809600933947044,32.0
S0148,L2,Roth,LOT2026012,D100-PP-022,CuSn0.3,0.39905387790250985,PP,0.3740408766008103,0.6561941061563856,75.09658065515154,56.08516715630188,0.315,0.6557788188634676,0.005449520449521877,0.9900990099009901,6.434153380728082,2.395739117856866e-05,2.568237687236e-11,0.02191549639726432,100.76195125369686,1.1766079991953378,1.0,2.4240486982496725e-05,2.5767871110884596e-11,0.026593483506556527,2.8748869414282396e-07,8.704713061708e-13,101.09850244621474,0.9931836789888173,1.1505687436216991,0.6092300505778975,21.287046159924735
S0149,L3,Nitra,LOT2026012,D100-PP-022,CuSn0.3,0.4000750386180458,PP,0.36893444704665024,0.6534256725368971,49.8393415136122,38.211959808804615,0.5,0.6531953850785374,0.004734354340042604,1.3054830287206267,5.060180683766594,2.312318240049524e-05,2.5999327272802483e-11,0.018962271302148028,99.75759960362953,1.1271954297868074,1.0,2.318349838308701e-05,2.5074131544356223e-11,0.009552315326615726,2.7747818880594286e-07,8.799798181840744e-13,99.77459417333934,1.312833616170343,0.91048302434491,0.5829222838102741,25.65645125610387
S0150,L1,Roth,LOT2026012,D100-FEP-035,CuAg0.1,0.5038615103215021,FEP,0.1874132871727792,0.8402933628818773,58.51501913764924,42.906808266948794,0.4,0.8406985752805505,0.002736725941414178,1.2562814070351758,0.9434486549592394,1.615072173826718e-05,4.655207810364364e-11,0.016975221329025902,98.57529690337873,1.0943881474230164,1.0,1.664035975273696e-05,4.093672599739399e-11,0.013069622271505887,1.9380866085920616e-07,1.496562343109309e-12,98.25031850107271,1.268998374703829,0.1257941724460314,0.4321664744690433,32.0
S0151,L2,Roth,LOT2026012,D100-FEP-035,CuAg0.1,0.49965507686177585,FEP,0.14112683712336674,0.8418962007193447,82.32252039213675,55.2296266351662,0.315,0.84227495717418,0.004584941926974305,0.9900990099009901,5.080224414267686,1.747312174084035e-05,5.086609152274476e-11,0.019829191029241147,98.08174419352918,1.168232155070913,1.0,1.7732724124355542e-05,5.303806393271278e-11,0.01976116030609472,2.096774608900842e-07,1.6259827456823429e-12,97.96842923950454,0.9812956901663745,0.6611707525575787,0.46618490364774606,25.760263488544158
S0152,L3,Nitra,LOT2026012,D100-FEP-035,CuAg0.1,0.5013267342798858,FEP,0.21450834689458054,0.858523516689643,49.728435985745875,38.58065135938583,0.5,0.8590750587641547,0.005073928875833943,1.2886597938144329,6.114901977493147,1.6700141272206552e-05,4.413304989478971e-11,0.012450020318968899,102.51580326017232,1.1709328686526674,1.0,1.6445130856346794e-05,4.322698041719013e-11,0.013033973993443448,2.0040169526647863e-07,1.4239914968436914e-12,102.48803420395417,1.2809552698736393,0.7943815413983873,0.4287585138735603,26.86468752280745
S0153,L1,Roth,LOT2026012,D100-PE-050,Cu-ETP,0.596162225621067,PE,0.3830365858573313,0.9743125861063022,61.074953705418224,41.7476548846707,0.4,0.9739062431401987,0.0027165494440217837,1.2562814070351758,1.0535565854349005,1.3663365794667217e-05,1.8841223664772964e-11,0.015748963328395787,99.71967852536517,1.1208404199875597,1.0,1.3606620156188707e-05,1.8645679598444127e-11,0.016830307864628545,1.639603895360066e-07,6.652367099431889e-13,100.51618252238757,1.2526994082024385,0.12694057619081153,0.34448085991881866,32.0
S0154,L2,Roth,LOT2026012,D100-PE-050,Cu-ETP,0.5933620186639676,PE,0.3739412457403363,0.9776734441725364,79.22615050864111,53.071817171790386,0.315,0.9770583273635435,0.004222057078177158,0.9900990099009901,4.427580045298245,1.4512120947624841e-05,1.9264370596505184e-11,0.02409292547130136,100.29369966782396,1.1916948135992194,1.0,1.4334522172745185e-05,1.9082343728876293e-11,0.020074626609298957,1.7414545137149809e-07,6.779311178951554e-13,100.36884944222362,0.9925303124605331,0.5270806908743529,0.3625728760788989,28.02158122689253
S0155,L3,Nitra,LOT2026012,D100-PE-050,Cu-ETP,0.6026472288380321,PE,0.401344418009536,0.9791563506974319,49.447112525726524,37.342001365852184,0.5,0.9794351421011942,0.004310292216146561,1.3227513227513228,4.327546952136136,1.361081726593823e-05,1.8005462347533286e-11,0.02138964368415952,99.78847142061232,1.1294538802124405,1.0,1.3509070145157038e-05,1.7672970589680703e-11,0.02570192398822016,1.6332980719125875e-07,6.401638704259986e-13,99.80195583513829,1.3097943329213517,0.5246616644758049,0.3415081191814677,30.426857620206565
S0156,L1,Roth,LOT2026013,D100-PE-035,Cu-ETP,0.49521975151916414,PE,0.2639983186978928,0.8299377056779675,62.994410749834,43.3842674009265,0.4,0.8296505031720465,0.002758868920920512,1.2562814070351758,1.1838462065720974,1.5893976495698807e-05,2.481921008230504e-11,0.020964569547434725,97.68360635758472,1.0609452522711416,1.0,1.607193105082142e-05,2.4510029737032003e-11,0.01964838408826129,1.907277179483857e-07,8.445763024691512e-13,97.53542552956368,1.2730741394600706,0.15706617191797712,0.40838712254119597,32.0
S0157,L2,Roth,LOT2026013,D100-PE-035,Cu-ETP,0.4997364652913836,PE,0.3482837833842158,0.8349293085822959,83.70830621257207,55.49704187251428,0.315,0.8351443904092719,0.005771957915009044,0.9900990099009901,6.93694363680206,1.677771841893287e-05,2.3502614915219047e-11,0.015372874420848772,100.82140562740791,1.166453564107604,1.1471941064499238,1.6819664672125376e-05,2.3764462350391107e-11,0.015410235117715007,2.0133262102719444e-07,7.146112880918541e-13,100.82565406591188,0.9841370338909153,0.949159837979732,0.4262552674446859,22.88415412048729
S0158,L3,Nitra,LOT2026013,D100-PE-035,Cu-ETP,0.5000254088325203,PE,0.2910510840790219,0.8610410263061267,49.52064177570175,40.58654541760479,0.5,0.8615978366198388,0.004298330452032188,1.2195121951219512,4.605368139453809,1.6843480611950094e-05,2.647814799620601e-11,0.019660548634500345,101.79005606201453,1.1829599258077417,1.1327895971724133,1.6812267860580556e-05,2.6831775988362926e-11,0.01775433291606314,2.0212176734340112e-07,8.012285793133737e-13,102.21648528664127,1.211067936904654,0.5871041944629597,0.4279145671847775,28.941948266924808
S0159,L1,Roth,LOT2026013,D100-PP-022,CuSn0.3,0.40203197502328697,PP,0.3152977712140723,0.6502131648769374,55.706097180306855,41.65536503530326,0.4,0.6495714215842153,0.002666890422824899,1.2562814070351758,0.8263852471668265,2.275789025679531e-05,2.946315681864632e-11,0.023975579664980956,96.47981463137947,1.078184843796638,1.0,2.2797667476351174e-05,2.977076258923266e-11,0.025551830623647093,2.730946830815437e-07,9.838947045593895e-13,96.0108941518532,1.2582583277665806,0.14708857919232546,0.5762900271296952,32.0
S0160,L2,Roth,LOT2026013,D100-PP-022,CuSn0.3,0.3939673622036133,PP,0.341001743332576,0.6597196244369802,78.00950299251807,56.008765763807006,0.315,0.6601562463332392,0.0048177460583589335,0.9900990099009901,5.456224842045679,2.463435850461649e-05,2.777213782337283e-11,0.016583938243800375,101.51579876467602,1.2033703487894836,1.0,2.440916094512727e-05,2.6221813378114243e-11,0.015720307143916857,2.956123020553979e-07,9.33164134701185e-13,102.01452374803283,0.9772648761118385,0.9476839009594306,0.6136336234560502,22.896423196995567
S0161,L3,Nitra,LOT2026013,D100-PP-022,CuSn0.3,0.39613516135284893,PP,0.31268569107437044,0.6554907195763061,46.2936820725954,39.51485482829496,0.5,0.6560661039590923,0.005757126514385222,1.17096018735363,7.002085234477208,2.432387771872792e-05,2.96382700044991e-11,0.01635910612176367,99.0023534922866,1.1651608689228456,1.0,2.4443692652732065e-05,2.9610089047202346e-11,0.01593488844742923,2.9188653262473505e-07,9.891481001349728e-13,99.14479251038343,1.1814450624728703,1.2182272468093625,0.6165124482535354,22.14538956707095
S0162,L1,Roth,LOT2026013,D100-FEP-035,CuAg0.1,0.49365320017029335,FEP,0.2676736773957019,0.8502574001291084,58.931943843066016,42.58287940905702,0.4,0.8499047706188416,0.002730678890089424,1.2562814070351758,1.1673103050787463,1.6253140445139488e-05,3.960522768327687e-11,0.023605390185054632,105.14347411576996,1.1509109864801417,1.0,1.6384952056331576e-05,3.9312155091515516e-11,0.021019971417961053,1.9503768534167387e-07,1.2881568304983061e-12,104.53343961711303,1.2446140413581048,0.15560878359871264,0.4249358711714324,32.0
S0163,L2,Roth,LOT2026013,D100-FEP-035,CuAg0.1,0.5016526502239461,FEP,0.15816779209394538,0.8461456058550707,79.12823900667354,56.28540226095747,0.315,0.8454871841838412,0.004566907215991121,0.9900990099009901,5.023226068423095,1.7245168554232415e-05,4.925068664919141e-11,0.022123532798712393,98.79863048762044,1.1660620123649572,1.0,1.7194736100329157e-05,4.96096374629686e-11,0.016809962782664507,2.06942022650789e-07,1.5775205994757422e-12,98.32023352765133,0.9701874945485135,0.6540890363762757,0.4509497658178369,25.818169277886078
S0164,L3,Nitra,LOT2026013,D100-FEP-035,CuAg0.1,0.4986267197212693,FEP,0.26212080860203535,0.8323028225799312,47.06531652244413,39.141794443985624,0.5,0.832177268573884,0.004871392300381098,1.2019230769230769,5.62894437847466,1.6832974142700086e-05,4.006491827086017e-11,0.02169999341079146,101.35653332401503,1.1606153755787918,1.0,1.679485129532219e-05,4.0770573803646406e-11,0.020600225085922075,2.0199568971240105e-07,1.3019475481258051e-12,101.11175010570567,1.2280894655210775,0.7779425270155037,0.4358513450774601,26.5814595479883
S0165,L1,Roth,LOT2026013,D100-PE-050,Cu-ETP,0.6064404782173554,PE,0.38451504027163874,0.9614191321157896,57.82427915977703,40.86491952839064,0.4,0.9613314723367797,0.0027410783057143302,1.41643059490085,0.9956198505426852,1.4000136832082303e-05,1.8772942096102954e-11,0.01417871084964077,96.1745212746189,1.1267336365205525,1.0,1.417368866578213e-05,1.931525141433982e-11,0.0204270608129171,1.6800164198498763e-07,6.631882628830886e-13,96.06795665645168,1.3849873125330738,0.12399283413930624,0.35877303482222467,32.0
S0166,L2,Roth,LOT2026013,D100-PE-050,Cu-ETP,0.5982200624103142,PE,0.39457702484114293,0.9836097545850793,79.9567141967422,55.89598434758338,0.315,0.9829575563071709,0.004762078057449368,0.9900990099009901,5.360955013556748,1.4326939827574856e-05,1.8311928918437256e-11,0.016300550431752464,100.91259561492532,1.1934398965094026,1.0,1.4330549580626413e-05,1.8973226277069317e-11,0.015070717049164017,1.7192327793089826e-07,6.493578675531177e-13,100.53313348805767,0.9978684561778448,0.6406042741470851,0.3624098930875904,26.42735151785436
S0167,L3,Nitra,LOT2026013,D100-PE-050,Cu-ETP,0.5927879845966441,PE,0.45775985369761335,0.9821770755941258,50.36545631406538,35.66631904274376,0.5,0.9819924916123762,0.004881045882420509,1.4124293785310735,5.7731311926683135,1.3771750819365847e-05,1.5560081831131874e-11,0.013618992541824575,104.5259120125438,1.1774792929367215,1.0,1.347339577753443e-05,1.637129791340281e-11,0.013282595154959937,1.6526100983239018e-07,5.668024549339562e-13,104.22875806832091,1.3555071198598867,0.7061373185369313,0.33985276858300584,28.54750682358312
S0168,L1,Roth,LOT2026014,D100-PE-035,Cu-ETP,0.4980014502404599,PE,0.2932391447373966,0.8428400196692732,65.94545280068672,39.17991470789275,0.4,0.8433088759937895,0.0027220315342579883,1.6835016835016836,0.934877998583448,1.6034462706921714e-05,2.3259716423161387e-11,0.01626959218856949,99.97259503859419,1.1015564285204908,1.0,1.6283397559349807e-05,2.2999296512456864e-11,0.01731553036021465,1.9241355248306057e-07,7.977914926948416e-13,99.64562412759459,1.6696002560337249,0.12297236750308226,0.41266043780392075,32.0
S0169,L2,Roth,LOT2026014,D100-PE-035,Cu-ETP,0.5056868412972335,PE,0.3336001666862602,0.8389667442906419,84.34846377337752,53.334783156636036,0.315,0.8396142286497389,0.004316394332164697,0.9900990099009901,4.583267430480786,1.7507100221806897e-05,2.12064075062328e-11,0.021950298839230397,99.40893534898201,1.2144008368552652,1.0,1.7041005092637302e-05,2.1416054410238127e-11,0.018073820643314843,2.1008520266168277e-07,7.36192225186984e-13,100.02462320358313,0.9801014383189302,0.6227511099738928,0.43026804231809057,26.386413509332222
S0170,L3,Nitra,LOT2026014,D100-PE-035,Cu-ETP,0.49654268263847123,PE,0.2598066518662665,0.8464874807914541,52.55450377746562,36.98840307725118,0.5,0.8461717740146635,0.0049543063364525675,1.4204545454545456,5.855633322191531,1.7036152855557267e-05,2.5047856654819198e-11,0.020094800269987396,99.38164114922922,1.160045551628313,1.0,1.697180966961824e-05,2.5253657118828367e-11,0.024687646879048182,2.044338342666872e-07,8.514356996445759e-13,99.55822596322689,1.4488488883391288,0.7534140530272041,0.43087593916224276,28.124685522838263
S0171,L1,Roth,LOT2026014,D100-PP-022,CuSn0.3,0.40233163514850584,PP,0.3635712450338674,0.6593723156851826,58.237733668524285,41.22244438440118,0.4,0.6587337203656619,0.0027023427488367534,1.2562814070351758,0.9628283933664673,2.2831907474323556e-05,2.6334571477232364e-11,0.02175107602651403,99.94346744299033,1.121359737947725,1.0,2.2882200734664028e-05,2.6398949558714383e-11,0.017689303711952,2.739828896918827e-07,8.900371443169709e-13,100.53453336698878,1.2451963652861555,0.17095667823111207,0.5763372518166809,32.0
S0172,L2,Roth,LOT2026014,D100-PP-022,CuSn0.3,0.4004765819652802,PP,0.35221446092990993,0.6425833439296257,75.16071627412836,56.233330103237265,0.315,0.6430425838770517,0.004572034591467831,0.9900990099009901,5.067184281753107,2.5081183650620867e-05,2.7052497885946496e-11,0.022454731460955196,97.00123349047283,1.1900537540130711,1.0,2.51199005788824e-05,2.7062781615952183e-11,0.03412767816472217,3.009742038074504e-07,9.11574936578395e-13,96.41651749997722,0.9933245182602083,0.9309977005942682,0.6315484503032548,22.797170809187502
S0173,L3,Nitra,LOT2026014,D100-PP-022,CuSn0.3,0.4008171257102398,PP,0.38485190532446584,0.6628150838549199,47.60618087118444,39.025684653619024,0.5,0.6621572948710418,0.004294291508227765,1.2195121951219512,4.650330009279016,2.3076564003054276e-05,2.5018511585930722e-11,0.02270662745678499,101.8671260355766,1.1508418215014278,1.0,2.307250668426356e-05,2.6285268311377895e-11,0.020252392389481975,2.769187680366513e-07,8.505553475779217e-13,102.35076303132394,1.225576739758516,0.8241879258630217,0.5809306724212828,26.10574104386898
S0174,L1,Roth,LOT2026014,D100-FEP-035,CuAg0.1,0.49768022765144837,FEP,0.1630954493045737,0.8430533943485186,67.07768041795734,41.50562105563995,0.4,0.84366762227261,0.0027148817201452847,1.2562814070351758,1.034803346413219,1.6807224287196336e-05,5.3130267408434884e-11,0.022063530660378645,99.44637430172956,1.134842272368547,1.088969049066146,1.6564626806158757e-05,5.470707411056711e-11,0.028342779314292042,2.0168669144635604e-07,1.5636853302854792e-12,99.69833881316674,1.239702109359054,0.13516590287976896,0.4385742361026319,32.0
S0175,L2,Roth,LOT2026014,D100-FEP-035,CuAg0.1,0.5034390610462334,FEP,0.20797948426514076,0.8584818047565691,82.66636299603412,55.300966395730484,0.315,0.858356172567065,0.004511125996764005,0.9900990099009901,4.913581071842798,1.692339979463027e-05,4.470892176017311e-11,0.01436009705890188,101.80208170548096,1.1832904241294981,1.0,1.690213254353096e-05,4.469030917790536e-11,0.015155036323582824,2.0308079753556323e-07,1.4412676528051932e-12,101.96469911646683,0.9746648278966068,0.6382680805314076,0.4408308071739186,26.330951270274312
S0176,L3,Nitra,LOT2026014,D100-FEP-035,CuAg0.1,0.5025184152037779,FEP,0.18023605484227495,0.8417506865411952,52.11188409370311,40.1394700629835,0.5,0.8412629779331026,0.00432125907217105,1.2987012987012987,4.74746636217011,1.6689894656535005e-05,5.0350869539069964e-11,0.02090592710740538,98.81301136322837,1.130628373280912,1.0666238137740187,1.6702488560863756e-05,5.1638322288237957e-11,0.019176156822124216,2.0027873587842005e-07,1.5161751000359045e-12,99.07205963385717,1.293890999290708,0.6287339398106813,0.4401095203241582,28.663673169191128
S0177,L1,Roth,LOT2026014,D100-PE-050,Cu-ETP,0.5916935849102979,PE,0.37884629570756617,0.9810776785651916,64.24432568014021,41.41118272921038,0.4,0.9805792267532667,0.0027435602334773936,1.2562814070351758,1.1535737471680003,1.346672652364177e-05,1.9035510048155866e-11,0.023643605538928275,101.23121813756363,1.1130486027324955,1.0,1.3309257524092421e-05,1.8873007317974957e-11,0.026316883500956186,1.6160071828370125e-07,6.71065301444676e-13,101.59300024136996,1.2769120012864152,0.13663310938775833,0.33733377666629716,32.0
S0178,L2,Roth,LOT2026014,D100-PE-050,Cu-ETP,0.6139408472193687,PE,0.39900829146858513,0.9720095993950217,76.78455131523825,53.203497709815686,0.315,0.9720829939417227,0.0049118437805044015,0.9900990099009901,5.650236062347125,1.4414656153928061e-05,1.811093049266666e-11,0.01818693713141314,96.59566794489976,1.1795849715262865,1.0,1.4467705441341971e-05,1.7904602298713558e-11,0.01541249857007251,1.7297587384713672e-07,6.433279147799997e-13,96.27354128790154,0.9779652033264521,0.7008379747695436,0.3651283513936027,25.092043262630874
S0179,L3,Nitra,LOT2026014,D100-PE-050,Cu-ETP,0.6012356641075345,PE,0.38032323100446463,0.9690474217904224,50.76720886720108,37.347907384906875,0.5,0.9693983072005655,0.004288003004500892,1.358695652173913,4.556573817476724,1.4296168287343664e-05,1.8966902213782233e-11,0.019841404738621705,97.97109694843623,1.1619919548524673,1.0,1.4477239175940572e-05,1.8223962991077958e-11,0.0180868522759218,1.7155401944812396e-07,6.690070664134669e-13,98.17870287411095,1.3513015145505431,0.5560786589548946,0.3655536048401511,30.03305485404041
S0180,L1,Roth,LOT2026015,D100-PE-035,Cu-ETP,0.49771216810890817,PE,0.3014973565265609,0.8429223186051384,61.55196784870908,45.0983619900183,0.4,0.8427916764137462,0.0027145065682998375,1.2562814070351758,1.019468375142787,1.5249588945003254e-05,2.2830359855039323e-11,0.01955885768775551,100.3924992684624,1.0514253083540868,1.0,1.54314348605909e-05,2.293088750932229e-11,0.01796558851310004,1.8299506734003906e-07,7.849107956511796e-13,100.54954090411192,1.246789756255895,0.13449917725418703,0.39175068002211494,32.0
S0181,L2,Roth,LOT2026015,D100-PE-035,Cu-ETP,0.5051013960194518,PE,0.34243586018724115,0.8504195639245714,85.6136287350127,57.01260736282335,0.315,0.8510115210319502,0.004929389226163735,0.9900990099009901,5.609190237300221,1.6502094899091375e-05,2.0771804552662445e-11,0.0228690616403908,101.45231698849858,1.1668643825165537,1.0,1.6394445824889483e-05,2.1843274841700474e-11,0.0239815843919213,1.980251387890965e-07,7.231541365798733e-13,101.04463167799345,0.9893199053719036,0.7484873704055846,0.41468721281591625,25.047059544025036
S0182,L3,Nitra,LOT2026015,D100-PE-035,Cu-ETP,0.5021776081314689,PE,0.28838361992178946,0.8323768063520902,51.13754380560779,39.129213053066024,0.5,0.8329541823854765,0.004715722228162798,1.3054830287206267,4.870887331226709,1.753130005086301e-05,2.3514418463520643e-11,0.01800601208494317,97.45133480383886,1.1838591174521063,1.0,1.7650144269070267e-05,2.4256987433750082e-11,0.017099106807150363,2.1037560061035612e-07,8.054325539056193e-13,97.64502274836158,1.2802049951971355,0.6549723609113257,0.4468933639856714,28.095661449427357
S0183,L1,Roth,LOT2026015,D100-PP-022,CuSn0.3,0.39864873256699757,PP,0.3875644944061644,0.6714013449070417,59.40343262845184,40.918887866121935,0.4,0.6718621459331253,0.0026724490773176617,1.2562814070351758,0.9291709129767657,2.1618661130572094e-05,2.6605015970513697e-11,0.01846680541083869,104.11972804344354,1.0960146892191098,1.0704754309356597,2.1666035863664562e-05,2.602812132419808e-11,0.014180086156998582,2.5942393356686516e-07,8.45603734611433e-13,103.92384297248064,1.2359519569844934,0.16109198256634913,0.5463247778423003,32.0
S0184,L2,Roth,LOT2026015,D100-PP-022,CuSn0.3,0.3963191034515676,PP,0.3230308748281791,0.6640516888735345,72.54144588039593,55.817209157400995,0.315,0.6635049908046322,0.005210544013084142,0.9900990099009901,6.102058805413665,2.452867687950003e-05,2.8948291283932188e-11,0.023416154736973626,100.84627926867256,1.1974108152814118,1.0,2.4582078804213944e-05,2.8739429318101354e-11,0.02112812362849722,2.9434412255400036e-07,9.684487385179656e-13,101.08545381005865,0.980471958333499,1.0449557959555098,0.6193800190149943,22.018717484657948
S0185,L3,Nitra,LOT2026015,D100-PP-022,CuSn0.3,0.399015751618496,PP,0.3259968886352832,0.6615713701196386,54.39069310062863,39.17210742697026,0.5,0.6619978600969244,0.004597890602798286,1.3888888888888888,5.225855525597152,2.319907627805379e-05,2.875222080663676e-11,0.017622315597547206,99.76598423549714,1.1279955660869918,1.0,2.297071979946459e-05,2.6717581426626668e-11,0.013814398110627108,2.783889153366455e-07,9.625666241991028e-13,99.26650863300895,1.4011575071056235,0.9046839386813912,0.5786965381577669,26.278226117870048
S0186,L1,Roth,LOT2026015,D100-FEP-035,CuAg0.1,0.49827479405303304,FEP,0.2199252844358957,0.8422972155910458,58.698513573657756,40.27031867207141,0.4,0.8416486292656123,0.0027092051185822067,1.2562814070351758,1.0724118159901863,1.639027291953107e-05,4.365860119551314e-11,0.02174393374175176,101.26047411922501,1.128223725275952,1.0,1.6299314389945363e-05,4.432761911651914e-11,0.02806924120134871,1.9668327503437287e-07,1.409758035865394e-12,100.65430180129776,1.2700592013091745,0.14325390672870794,0.42584775151757925,32.0
S0187,L2,Roth,LOT2026015,D100-FEP-035,CuAg0.1,0.49593401494532785,FEP,0.17980114353441304,0.8394023819511226,79.53708129279511,54.55509284310667,0.315,0.8390346699972905,0.004898542050886473,0.9900990099009901,5.5918717996508365,1.7284589355300323e-05,4.724562851665555e-11,0.0137786414224363,99.95300573153501,1.1689043890735757,1.0,1.739680900899876e-05,4.853376830421796e-11,0.010148167908585021,2.0741507226360388e-07,1.5173688554996664e-12,100.2563680209292,1.0266017756370631,0.7383246944181213,0.45525372752675525,25.35778423789514
S0188,L3,Nitra,LOT2026015,D100-FEP-035,CuAg0.1,0.49026247943516615,FEP,0.23169585421373748,0.8726983784100856,47.47959004446765,37.580199310736774,0.5,0.8729260145001719,0.003782447247825389,1.2626262626262625,3.5759498297847916,1.615430564376089e-05,4.263804382502978e-11,0.016256715365306536,107.45074943575987,1.1609848965468317,1.0,1.6331778506400445e-05,4.181893657695685e-11,0.023859110394473883,1.9385166772513066e-07,1.3791413147508932e-12,107.7608638257401,1.276095724031163,0.45122015598176557,0.4251375753186238,32.0
S0189,L1,Roth,LOT2026015,D100-PE-050,Cu-ETP,0.6011524398625729,PE,0.3945248324455585,0.9712378273062336,63.023926702342415,42.68219046064036,0.4,0.9705922962542592,0.0026835251375089586,1.2562814070351758,0.8371829909427695,1.3768288493537157e-05,1.831430368933926e-11,0.011501603720404638,98.83709811694929,1.1288216281597805,1.0,1.3637661092098373e-05,1.8003611012046625e-11,0.009139894659242294,1.652194619224459e-07,6.494291106801778e-13,98.38011550085712,1.2548524498519789,0.10238996850358163,0.34485564934834695,32.0
S0190,L2,Roth,LOT2026015,D100-PE-050,Cu-ETP,0.599450340190361,PE,0.3706296164161282,0.9583090491109336,72.79130038892167,57.03935388318692,0.315,0.9576538953634992,0.004762994029321926,0.9900990099009901,5.361723417964438,1.4882007772833368e-05,1.9419763763223006e-11,0.011754027598811705,96.61167354444677,1.1892827171682179,1.0,1.4781009912767032e-05,1.8935733719660068e-11,0.01735277425652504,1.7858409327400041e-07,6.825929128966901e-13,96.70674384706722,0.9785058496251806,0.6624282520319711,0.3734214703488317,25.587858431653515
S0191,L3,Nitra,LOT2026015,D100-PE-050,Cu-ETP,0.5919488629090354,PE,0.38835795119579986,0.9522926667795233,49.88661352520222,37.371763319132675,0.5,0.9528278713521904,0.004375440291263553,1.3333333333333333,4.360884805900815,1.4570101189425064e-05,1.9410126066471736e-11,0.018791771192561608,98.07692242307179,1.1672243867067664,1.0437733731612178,1.4072028533305549e-05,1.95116965212671e-11,0.01924101982657226,1.7484121427310077e-07,6.578833461046829e-13,97.76266691815921,1.3348682383663866,0.5440154836803659,0.3564006989489468,30.126654102705572
S0192,L1,Roth,LOT2026016,D100-PE-035,Cu-ETP,0.4980308849396141,PE,0.29993193759922365,0.8461806360677866,53.316836454884026,41.12137248692933,0.4,0.8467535793351515,0.0026862500469462232,1.2562814070351758,0.8095060466580314,1.604203602561653e-05,2.473309911093537e-11,0.01462895348981779,100.68438517138985,1.1099889366271007,1.0795116013977344,1.6148853843306404e-05,2.4133197139846724e-11,0.017455795311799912,1.925044323073984e-07,7.873413610074597e-13,100.16120197175728,1.2451738046277037,0.10613605955296691,0.4100451493826049,32.0
S0193,L2,Roth,LOT2026016,D100-PE-035,Cu-ETP,0.49774139706954657,PE,0.27432304662022367,0.856595313445993,79.27407315484955,57.36510776983522,0.315,0.8572460468159621,0.004567328336044003,0.9900990099009901,5.086776090047483,1.6660470292350473e-05,2.4261505008951543e-11,0.02285916469742602,101.01817485008536,1.1559293768686958,1.0,1.659975668360624e-05,2.419910269593241e-11,0.023943800413461946,1.9992564350820567e-07,8.278451502685462e-13,100.42652776806574,0.9632833934154069,0.6475129229151346,0.42112977641101795,26.03687774272693
S0194,L3,Nitra,LOT2026016,D100-PE-035,Cu-ETP,0.4953962863594716,PE,0.3091888642307778,0.8335859655314456,50.598687493734715,37.398148986080216,0.5,0.833100784068398,0.005026744016646376,1.3513513513513513,5.3086437224287994,1.643563476289957e-05,2.3490947279581168e-11,0.010111347939804918,99.99105474893443,1.1234173902046176,1.047077265151385,1.6445319902208733e-05,2.3503428749460555e-11,0.0021283975123144103,1.9722761715479483e-07,7.730433768758662e-13,100.70749642901656,1.3167843768482357,0.7129806971342106,0.4169285683136244,27.82673558294043
S0195,L1,Roth,LOT2026016,D100-PP-022,CuSn0.3,0.39875878451619856,PP,0.3414697020194988,0.6480077554682195,60.350017485406234,40.94654275202866,0.4,0.6482827663263591,0.002662822571720186,1.2562814070351758,0.8157263782590083,2.3596308211387384e-05,2.7741887118580825e-11,0.023574736066485205,98.06705921213187,1.1270460046408053,1.0,2.376400402979659e-05,2.733338295317392e-11,0.028560942426692094,2.831556985366486e-07,9.322566135574248e-13,97.91402478311379,1.260585861692174,0.14680837940324618,0.5984980369519448,32.0
S0196,L2,Roth,LOT2026016,D100-PP-022,CuSn0.3,0.40113895618224116,PP,0.31004941836209565,0.6648775096515775,82.47881208451378,57.222759877283856,0.315,0.6642338161774214,0.004950724524595612,0.9900990099009901,5.6469650744289535,2.476727333830112e-05,2.98156237271408e-11,0.015554132025243137,99.08631579220247,1.2024053115470985,1.0,2.4974298995431853e-05,2.958124871869714e-11,0.01153929420977515,2.972072800596134e-07,9.94468711814224e-13,98.35373456120212,0.9756189427837885,0.9666326030388283,0.6294921125460372,22.499424047779787
S0197,L3,Nitra,LOT2026016,D100-PP-022,CuSn0.3,0.4006050347800385,PP,0.35923241042445025,0.6732386014971331,49.55512983467472,37.64902868073072,0.5,0.6730266868942604,0.00408786989971345,1.3157894736842106,4.336272605983738,2.308540930081783e-05,2.6607560642402163e-11,0.020053303620255016,102.68147396790788,1.159872480359937,1.0,2.3394302610071556e-05,2.647628046503944e-11,0.018584464419418016,2.7702491160981396e-07,8.982268192720648e-13,102.33114048191216,1.3183551945840402,0.7420483252294473,0.5889275698159666,27.72062152693614
S0198,L1,Roth,LOT2026016,D100-FEP-035,CuAg0.1,0.5003587323918901,FEP,0.20529304368869325,0.8267364880750737,55.541620878017,40.75721775033647,0.4,0.8273746177865067,0.002741557012897136,1.2562814070351758,0.9792429773912507,1.7189873686689013e-05,4.4947163285461885e-11,0.025240467381607054,98.15973442991464,1.1518282130357869,1.0,1.7228530532666703e-05,4.2714243926886825e-11,0.030422780306869776,2.0627848424026817e-07,1.4484148985638564e-12,98.84467751615918,1.26735874494301,0.13427082291070205,0.44764087659087615,32.0
S0199,L2,Roth,LOT2026016,D100-FEP-035,CuAg0.1,0.4983147056758611,FEP,0.2132996923198204,0.843553494661917,79.2574251095178,53.73798734486696,0.315,0.8430822455784726,0.0046242608051483254,0.9900990099009901,5.151779912204696,1.7353004757088323e-05,4.4239324754247275e-11,0.020074419021197294,101.17819818557525,1.1936183832224565,1.0,1.7548702003368178e-05,4.792027853426047e-11,0.012175596636748809,2.0823605708505988e-07,1.4271797426274182e-12,101.96695184883883,1.0136971600464006,0.6850040412318664,0.4586063197512971,26.004815476497576
S0200,L3,Nitra,LOT2026016,D100-FEP-035,CuAg0.1,0.4986672363567652,FEP,0.21024327161109602,0.831608677342496,47.23398045514669,37.31141134975798,0.5,0.8321526777197773,0.0046340310395225955,1.2658227848101264,5.303376006426565,1.6892322437955405e-05,4.450874564092221e-11,0.02523815964711262,99.38334478329978,1.1421258857407435,1.0,1.7032408892409358e-05,4.4911923336441544e-11,0.028875168624974138,2.0270786925546486e-07,1.4352623692276663e-12,99.09717779895539,1.2704075983079353,0.7203967714122688,0.44415544159414483,27.37247340857249
S0201,L1,Roth,LOT2026016,D100-PE-050,Cu-ETP,0.5913969770275433,PE,0.3597242947244655,0.9936220039252645,57.5581095437595,44.146813465182305,0.4,0.9934147237155139,0.002712381302856206,1.2562814070351758,0.9945749045744589,1.3165806003855994e-05,1.9936523168494404e-11,0.011627305750311567,101.9450810651138,1.0953012715137525,1.0,1.3081883664365059e-05,1.955737024151421e-11,0.012613797507821557,1.5798967204627193e-07,6.98095695054832e-13,102.86058325128076,1.2091216110273388,0.11454066818913203,0.3321743356224857,32.0
S0202,L2,Roth,LOT2026016,D100-PE-050,Cu-ETP,0.6013968608247279,PE,0.3508166637775546,0.9784197929372015,81.58026106232083,57.241085555134056,0.315,0.9788739420541065,0.005703854959732263,0.9900990099009901,6.809089904569967,1.4415294093508427e-05,2.149653394923306e-11,0.018754052023293912,97.86449729734044,1.1707134233360719,1.0555930953762371,1.4529870412031345e-05,2.186368486266554e-11,0.018319559631709868,1.7298352912210112e-07,7.109323955431295e-13,98.21226151857128,0.9992332959222098,0.8082854594782501,0.36902664419288517,24.153320738846574
S0203,L3,Nitra,LOT2026016,D100-PE-050,Cu-ETP,0.5988608585561198,PE,0.436415839011434,0.9761851626015013,48.0132262881581,37.59743524792291,0.5,0.975579120762806,0.005257366891616408,1.2755102040816326,5.4777022500960335,1.3787430572820649e-05,1.6462648722306442e-11,0.024723477502405684,101.64938552568113,1.1581232736320597,1.0,1.3827467252348698e-05,1.6455821282253204e-11,0.02332760051976033,1.654491668738478e-07,5.938794616691932e-13,101.82039946997239,1.27507557797602,0.6745888132941847,0.3485768371476395,28.17080573738813
S0204,L1,Roth,LOT2026017,D100-PE-035,Cu-ETP,0.4921725631431599,PE,0.32266351914408614,0.8472562433502601,59.273408112091865,42.81005134677407,0.4,0.8476141153569741,0.002700531801252009,1.2562814070351758,0.8734576894638635,1.5535181676507635e-05,2.175167870975233e-11,0.020798951444413193,103.10457602208713,1.0878084833317208,1.0,1.55916319634094e-05,2.1574193521004982e-11,0.017226270110060952,1.8642218011809163e-07,7.525503612925698e-13,103.75412982494923,1.3361304781096548,0.11468001356998342,0.394860645048352,32.0
S0205,L2,Roth,LOT2026017,D100-PE-035,Cu-ETP,0.4980057880841883,PE,0.25021574652315176,0.849329434822865,83.80470374239273,55.62012815772647,0.315,0.8492545561220736,0.0054261598258702,0.9900990099009901,6.415254158096715,1.7487700700857638e-05,2.557590464704585e-11,0.019201091697197754,99.02989950728168,1.1900746518923326,1.0,1.727999013671586e-05,2.5947847961434374e-11,0.007952339283694921,2.0985240841029166e-07,8.672771394113755e-13,99.14445926831361,0.9806203380931129,0.8192004700786453,0.43884061938255225,23.97631556781397
S0206,L3,Nitra,LOT2026017,D100-PE-035,Cu-ETP,0.5014281513592115,PE,0.36377664559296896,0.8486925430838345,46.63023682605366,38.63509140074031,0.5,0.8481238145918832,0.004717724746693615,1.2077294685990336,5.24062304922028,1.6035209941883436e-05,2.146177971045105e-11,0.026457403021487115,102.96004927167685,1.1423333844836996,1.0870251075042605,1.6111679390915022e-05,2.159189391119316e-11,0.02944073429639101,1.9242251930260123e-07,6.923077460388908e-13,103.24425283332585,1.2301804594284196,0.704974514096537,0.4076102723302353,27.588057714846997
S0207,L1,Roth,LOT2026017,D100-PP-022,CuSn0.3,0.39852662212239287,PP,0.29613362568666507,0.668485647175821,60.60986542693503,42.77016871155636,0.4,0.668118138051936,0.0026900934143333876,1.2562814070351758,0.8359943708485111,2.191191784138811e-05,3.076217447384548e-11,0.023101432902851188,99.87616734052581,1.0652799799713843,1.0,2.1898809036743973e-05,3.087098589969371e-11,0.019235349418947972,2.6294301409665734e-07,1.0228652342153643e-12,99.99130781369519,1.2722464243172222,0.14058350774813624,0.5549324579663871,32.0
S0208,L2,Roth,LOT2026017,D100-PP-022,CuSn0.3,0.40256316671873305,PP,0.35256471217032825,0.6515673748711459,79.72024482354851,54.78085565817139,0.315,0.6514417926191736,0.005614662574823333,0.9900990099009901,6.669139658299754,2.491987079196685e-05,2.7030192410223688e-11,0.02266921142593719,98.03803011752277,1.2012642880770803,1.0,2.5415458371783197e-05,2.5962882870829305e-11,0.022811064224717043,2.990384495036022e-07,9.109057723067106e-13,97.996296295818,0.9922280836084915,1.2020456079040054,0.6381277068784529,20.660477640010452
S0209,L3,Nitra,LOT2026017,D100-PP-022,CuSn0.3,0.4002846054396135,PP,0.39262547893121613,0.6568705823456248,47.748823997642596,37.5437811596903,0.5,0.6565872794060456,0.004960505456114307,1.272264631043257,5.780116596292391,2.3489914037847616e-05,2.4547125249476147e-11,0.02141269116948409,101.28170439041641,1.1631761384418033,1.0,2.4043046952678982e-05,2.472273656148621e-11,0.021295992753503586,2.818789684541714e-07,8.364137574842844e-13,101.39627030700584,1.2517068079321225,1.0416139653499896,0.6037664803005705,24.205311160919575
S0210,L1,Roth,LOT2026017,D100-FEP-035,CuAg0.1,0.498524657660198,FEP,0.1998012754602692,0.8479939212228648,56.59764623313567,41.9779427356526,0.4,0.8474786687621301,0.002758881576111922,1.2562814070351758,1.0794952572401502,1.6071656552979277e-05,4.54365353442811e-11,0.015317512661942617,101.2275030447049,1.106486143270224,1.0,1.6434958708815855e-05,4.637657603282551e-11,0.013491797558364436,1.9285987863575133e-07,1.4630960603284328e-12,100.94589922176067,1.241781935653623,0.14172828583375077,0.43039912422311916,32.0
S0211,L2,Roth,LOT2026017,D100-FEP-035,CuAg0.1,0.4979524548044329,FEP,0.18604908351082877,0.8574539059732094,76.8210348121918,55.62717841197889,0.315,0.8572716115435507,0.005138533770201857,0.9900990099009901,6.004870774939886,1.6401575898140754e-05,4.667591803224378e-11,0.018155542380082938,102.08104763005244,1.1374144525738126,1.0,1.671077759141627e-05,4.576203460963399e-11,0.013812964177722847,1.9681891077768906e-07,1.5002775409673133e-12,102.09771542336388,0.9917036121397145,0.7709414494808262,0.43678656771873287,24.864887082201925
S0212,L3,Nitra,LOT2026017,D100-FEP-035,CuAg0.1,0.5048187520102976,FEP,0.18849165247576938,0.8420209641827984,52.47868076044874,37.530298772513476,0.5,0.8426675155622315,0.004269444726853011,1.3966480446927374,4.139844700609162,1.672993870286321e-05,4.6454325987192253e-11,0.018420160916127117,98.63092282776076,1.1364310557057102,1.0,1.675291509716572e-05,4.822155959094459e-11,0.02023933082856413,2.0075926443435853e-07,1.4936297796157676e-12,99.05329221426088,1.3550430638627728,0.5510162905297784,0.4392946989440366,30.194809838470874
S0213,L1,Roth,LOT2026017,D100-PE-050,Cu-ETP,0.5863332276489118,PE,0.39349987151358995,0.9517448550610335,58.997565252400335,42.555287241493396,0.4,0.9511643589852617,0.0027491029884272643,1.2562814070351758,1.1874695249642997,1.4250844663928693e-05,1.8360974585281276e-11,0.013807968722769477,99.35049117283006,1.1455021158510668,1.0,1.4146304385756744e-05,1.8109024751075248e-11,0.01300531816420265,1.7101013596714432e-07,6.508292375584382e-13,99.35159607445823,1.219192371714051,0.1477150945429585,0.3573782207025342,32.0
S0214,L2,Roth,LOT2026017,D100-PE-050,Cu-ETP,0.5982409412340827,PE,0.38757984306416987,0.9660453883835869,78.50284938841371,55.64446206641873,0.315,0.9658655922892825,0.004666765694147898,0.9900990099009901,5.193558852425289,1.458905661997422e-05,1.863184007398859e-11,0.019993979606358372,98.49175491968587,1.1861619297851498,1.0,1.4687027343371045e-05,1.893934040550939e-11,0.022887601650985398,1.7506867943969064e-07,6.589552022196576e-13,98.11276394382716,0.9987265396364776,0.6369575676905315,0.3711217669213648,26.273494025413605
S0215,L3,Nitra,LOT2026017,D100-PE-050,Cu-ETP,0.5985974337351128,PE,0.42471160665440777,0.9737893697061545,47.570857117095485,37.59272231428304,0.5,0.9736696286954751,0.00433149061920039,1.2658227848101264,4.744525154567305,1.4299104522052351e-05,1.6969157902561e-11,0.021828101948457152,100.9136396688365,1.1918849228804806,1.0,1.4309939324931698e-05,1.7340174779139273e-11,0.01895106122872736,1.7158925426462822e-07,6.090747370768299e-13,101.54140055713137,1.308187364839899,0.5835984965522854,0.36092537450401674,29.5888878519963
S0216,L1,Roth,LOT2026018,D100-PE-035,Cu-ETP,0.5012395667250409,PE,0.31768203911670284,0.8674023880800804,64.49908571525673,40.83108883023835,0.4,0.867124141317593,0.0027259962445525033,1.2562814070351758,1.0226964954493771,1.5984368369532616e-05,2.2002754659676227e-11,0.021324006795334763,103.47237617178607,1.143947286407029,1.0,1.5894774604570428e-05,2.2100862932067444e-11,0.024374236025732673,1.9181242043439138e-07,7.600826397902868e-13,103.31018336851636,1.2567050780494984,0.1305373485786563,0.40260238641071744,32.0
S0217,L2,Roth,LOT2026018,D100-PE-035,Cu-ETP,0.49995627359587347,PE,0.3083949045675061,0.8269892530904787,82.43238003564463,55.39816157333065,0.315,0.8264913069893259,0.004879799856633491,0.9900990099009901,5.586918270716833,1.7893412493208556e-05,2.564157708299281e-11,0.021393285939622402,98.03419528408298,1.2101621038469292,1.1408718930668889,1.8061725772134488e-05,2.6042401203119506e-11,0.025394771464238575,2.1472094991850268e-07,7.74262655749977e-13,98.28045266878443,0.9641756072143539,0.7633792565797483,0.45804659761713545,24.354642205574613
S0218,L3,Nitra,LOT2026018,D100-PE-035,Cu-ETP,0.5020898842831751,PE,0.3059000985896905,0.8379209662017293,53.901521363797464,38.39385515173749,0.5,0.8384391617855943,0.004638013896211226,1.404494382022472,5.320764028454674,1.6604263207162018e-05,2.2603416691215073e-11,0.02323961408385486,98.9315091789506,1.1380896646952723,1.0,1.6519584288736774e-05,2.2418802818947734e-11,0.023720292959027094,1.992511584859442e-07,7.781025007364522e-13,98.11929105725147,1.4167884594050273,0.713178982324342,0.41809777277130233,28.36759691111039
S0219,L1,Roth,LOT2026018,D100-PP-022,CuSn0.3,0.40429133055114347,PP,0.35468432995898125,0.6498321793978145,53.65741495544446,43.938030895870796,0.4,0.6495796261653985,0.002773435836410788,1.2562814070351758,1.2337917421780509,2.3963278411334623e-05,2.940341032275795e-11,0.020570444836865848,97.3036112880998,1.1514200532033279,1.0932493179723166,2.3962495904709937e-05,2.9925315683989073e-11,0.023238693214414085,2.875593409360155e-07,9.06862895024532e-13,97.3357214282979,1.2690127585007278,0.2241347291262095,0.6049150174267801,32.0
S0220,L2,Roth,LOT2026018,D100-PP-022,CuSn0.3,0.3978628694006341,PP,0.3012262269313892,0.6544129327750128,83.7788992463952,56.25272196868385,0.315,0.6537797006112958,0.005187882826319471,0.9900990099009901,6.055925802272927,2.5169912709119402e-05,3.4785492901962566e-11,0.021166712931938253,97.86142809579178,1.196990867475096,1.1437425483371677,2.5314005732224494e-05,3.4305179810252056e-11,0.025539863523226923,3.0203895250943286e-07,1.0124123156702227e-12,97.94592571231843,1.005683355127752,1.0541225586610612,0.6406481244450982,21.902408810093252
S0221,L3,Nitra,LOT2026018,D100-PP-022,CuSn0.3,0.4000008509153176,PP,0.3462346795802736,0.672500886725741,51.1090086790556,35.97254888632373,0.5,0.672552478590108,0.005657100831970547,1.4204545454545456,6.974329205967499,2.319753710206893e-05,2.7434937602505885e-11,0.01944650336948977,102.18907254375887,1.1581676198191444,1.0,2.3418173778765536e-05,2.7166341342275766e-11,0.023702269285390883,2.7837044522482716e-07,9.230481280751765e-13,102.97767904619451,1.4305144078533325,1.1882482169296484,0.5899265371044585,24.298565183818543
S0222,L1,Roth,LOT2026018,D100-FEP-035,CuAg0.1,0.5054359220550447,FEP,0.21520392642334993,0.8446342298697463,56.85115867329707,42.30960874418925,0.4,0.8445610152170033,0.002681411622012103,1.2562814070351758,0.914394944275965,1.611066955815195e-05,4.4071957311229686e-11,0.020569368637610476,99.79337210595061,1.1086170687896835,1.0,1.6185311400221444e-05,4.410947631361316e-11,0.023047482792950744,1.9332803469782342e-07,1.4221587193368904e-12,99.46975626299927,1.2513719416393174,0.12237034685959368,0.42292416928365345,32.0
S0223,L2,Roth,LOT2026018,D100-FEP-035,CuAg0.1,0.5021288353976678,FEP,0.13168411546972328,0.8502956423775294,79.16976502296085,55.74502940717285,0.315,0.8500891275720982,0.004821862518866896,0.9900990099009901,5.45773257484111,1.665648744832823e-05,5.1775092867280686e-11,0.024319124151983732,98.29391046368404,1.12156736849167,1.0,1.660358420163688e-05,4.8798507691920814e-11,0.026826033967468244,1.9987784937993877e-07,1.6532527860184204e-12,98.38061127126775,0.9987182084305216,0.699021651241993,0.43598329173686673,25.448353800126384
S0224,L3,Nitra,LOT2026018,D100-FEP-035,CuAg0.1,0.49843934724681754,FEP,0.1856732756684304,0.8437359820325561,49.3653601145878,37.819130608785215,0.5,0.843416738050281,0.005092358557792784,1.3054830287206267,6.118477212541231,1.7717366715926434e-05,4.671006795533093e-11,0.03001280573622057,100.17615380487275,1.206913136556082,1.0,1.732199081382055e-05,4.616160174924559e-11,0.026248428550102832,2.126084005911172e-07,1.5013020386599278e-12,100.30700947519306,1.2699627445638844,0.8053539298051912,0.45199842086753433,26.47014576758066
S0225,L1,Roth,LOT2026018,D100-PE-050,Cu-ETP,0.6089445457274392,PE,0.37351636318438747,0.9765906247358526,61.27704140132134,43.242954942737775,0.4,0.9772124359061304,0.002687304562417018,1.2562814070351758,0.841965981254889,1.403452058362288e-05,1.928426787540196e-11,0.019118386305119497,97.10483446515654,1.1451356716809342,1.0,1.4038663039369819e-05,1.9926028848101345e-11,0.01710393987271567,1.6841424700347457e-07,6.785280362620588e-13,97.06409323915689,1.2545726520289473,0.10199059298005593,0.355831926747539,32.0
S0226,L2,Roth,LOT2026018,D100-PE-050,Cu-ETP,0.6079017573858819,PE,0.38639295033052873,0.9939821848735201,74.96049543830078,56.30579017049228,0.315,0.9942446213568734,0.004502354825383945,0.9900990099009901,4.948323306824676,1.3914009804121385e-05,1.8686413033820717e-11,0.015555762758913998,99.91636060700483,1.166173249758274,1.0,1.3920641508250792e-05,1.836233566242468e-11,0.01561290086470651,1.6696811764945663e-07,6.605923910146214e-13,99.09335633624823,1.0037746072810212,0.5850608556701287,0.3520027246656842,27.18021012787262
S0227,L3,Nitra,LOT2026018,D100-PE-050,Cu-ETP,0.599350369189408,PE,0.3767402939308627,0.9721710470089783,49.33200593857949,36.30590643894232,0.5,0.9715569245386089,0.004245265503995038,1.358695652173913,4.6430824898849625,1.428331146184214e-05,1.9133582289153177e-11,0.023082829765180623,98.57442214012602,1.164433491175724,1.0,1.429570148426705e-05,1.8825771526062222e-11,0.023220512465217287,1.7139973754210568e-07,6.740074686745952e-13,98.20674851109476,1.4229115169328328,0.5617561373562083,0.361468152405113,30.44666090136705
S0228,L1,Roth,LOT2026019,D100-PE-035,Cu-ETP,0.5053571183451921,PE,0.3010570048719367,0.8419216259954208,58.76866456652468,41.19148740793824,0.4,0.8425735639411049,0.002707686549126151,1.2562814070351758,1.0373707623519388,1.621673540079395e-05,2.501879578848284e-11,0.016096046180453707,98.538949981793,1.1143215070688455,1.0947643717936617,1.625790455054645e-05,2.6143126833406828e-11,0.02142878050466889,1.946008248095274e-07,7.85593989896439e-13,98.47525006042719,1.290604252722517,0.13824018765197763,0.41392245528345967,32.0
S0229,L2,Roth,LOT2026019,D100-PE-035,Cu-ETP,0.49494417036020205,PE,0.25714305227653445,0.8542877469160672,89.36074618217401,57.79556938796835,0.315,0.8545977025672716,0.0038434453103582855,0.9900990099009901,3.8060702791789796,1.7399338340544696e-05,2.5193823293897965e-11,0.02831020746842772,100.61585463282583,1.1956281500268189,1.0,1.7498972886557127e-05,2.6091882759451262e-11,0.024205871375797716,2.0879206008653634e-07,8.558146988169389e-13,100.41706918540697,1.015057011285841,0.481614224793825,0.44429166380485785,29.02792573582254
S0230,L3,Nitra,LOT2026019,D100-PE-035,Cu-ETP,0.49937654249738256,PE,0.2859021911767458,0.8374636809518814,49.84988592556691,38.04014160531317,0.5,0.8379075761811715,0.005714560268384124,1.3089005235602094,6.240064360512302,1.6923276740844196e-05,2.5427417483786557e-11,0.01594322091052432,98.65301477893439,1.1504393301949922,1.0753718031243662,1.6647114575240993e-05,2.4828189130942052e-11,0.012244653135624704,2.0307932089013037e-07,8.093570077784312e-13,98.59982212105683,1.308237584695846,0.8276700327780794,0.4226667773543278,26.35756978036462
S0231,L1,Roth,LOT2026019,D100-PP-022,CuSn0.3,0.4001323170882251,PP,0.3433330501393756,0.6555592421298218,60.76619813341155,41.18601117886229,0.4,0.6559412571430666,0.0027329189366902705,1.2562814070351758,1.016425902670295,2.272437475045688e-05,2.762162083567342e-11,0.025124059110284203,99.08974126269989,1.1004959130816545,1.0,2.2225877375126254e-05,2.6475390365768646e-11,0.031912026459782576,2.7269249700548257e-07,9.286486250702026e-13,99.19173706378545,1.259287876748919,0.18007354834049633,0.5603071235697706,32.0
S0232,L2,Roth,LOT2026019,D100-PP-022,CuSn0.3,0.40127420259560154,PP,0.3359906802485169,0.6639969671973599,72.18501374298111,56.04231095169242,0.315,0.664484995915654,0.004847627847243679,0.9900990099009901,5.473053744016832,2.4062483570795292e-05,2.8097263860688493e-11,0.018855143657850137,99.9427470879807,1.1786833295585435,1.0,2.3857981646872345e-05,2.511768725482895e-11,0.010511703439047757,2.887498028495435e-07,9.429179158206548e-13,100.29607191685952,0.9631880973874956,0.9489294094408066,0.5994698547666245,22.623344394224404
S0233,L3,Nitra,LOT2026019,D100-PP-022,CuSn0.3,0.39886718290107637,PP,0.3370900100963304,0.651851837666246,51.56069861463218,38.259599389806674,0.5,0.6511989579500695,0.0042820164111606945,1.3477088948787062,4.768518347593888,2.4533976120524467e-05,2.8025750668932297e-11,0.01954990212563956,98.5488628012092,1.1779097840782404,1.0,2.448290335166149e-05,2.7788992230501447e-11,0.021670149061360063,2.9440771344629363e-07,9.407725200679688e-13,98.36859481361051,1.3431132446350804,0.8487304566062428,0.6163804863528989,26.35866396865466
S0234,L1,Roth,LOT2026019,D100-FEP-035,CuAg0.1,0.5019653264870696,FEP,0.2343447467777279,0.8511570963412268,63.11747598729951,41.12714938463474,0.4,0.8517229242165084,0.002711511961451007,1.2562814070351758,1.0052689898014824,1.6455519578945404e-05,4.241032094989963e-11,0.01925099123186378,102.13445797872362,1.1509534930654721,1.0,1.6284623645273253e-05,4.1908935511861715e-11,0.022055873449407987,1.9746623494734484e-07,1.3723096284969889e-12,101.97144530742375,1.247990011582262,0.13335605341023493,0.42403644757619247,32.0
S0235,L2,Roth,LOT2026019,D100-FEP-035,CuAg0.1,0.4973807406380927,FEP,0.23122038233775608,0.8391324888502772,80.54801119344928,52.81346433842939,0.315,0.8394987194312858,0.003990319036685998,0.9900990099009901,4.0545644464881265,1.7064372968701375e-05,4.267899515346488e-11,0.024986847324943936,101.4493260556468,1.1747045040128044,1.0,1.7273499020736167e-05,4.1943078812096766e-11,0.022908749267531246,2.0477247562441652e-07,1.3803698546039461e-12,101.3083202474727,0.9706554974094289,0.5464446541877067,0.44827936926571565,27.6141367959195
S0236,L3,Nitra,LOT2026019,D100-FEP-035,CuAg0.1,0.5019801594043071,FEP,0.18950550565489926,0.8344708534238722,53.2923542725885,37.984468485491234,0.5,0.8338455644489554,0.003937577267857561,1.404494382022472,3.7745284959053866,1.644905069460078e-05,4.636253434900843e-11,0.01833493025124666,98.28883450736903,1.1072144491822835,1.0,1.6328174684805883e-05,4.37277282022832e-11,0.018275104667455386,1.9738860833520937e-07,1.4908760304702528e-12,98.92524003627837,1.3450442256487387,0.5080869370115448,0.42619434708743337,30.80482914005344
S0237,L1,Roth,LOT2026019,D100-PE-050,Cu-ETP,0.6007221844137018,PE,0.30295867864695847,0.9627342094341784,59.77370670242266,43.54582504241144,0.4,0.9620897073469346,0.0027348171122824,1.2562814070351758,1.1016948508317566,1.38742825862025e-05,2.2754884022459043e-11,0.016577643961766583,94.2130958880297,1.0835182882422578,1.0,1.3901800020930887e-05,2.2186403470008455e-11,0.01861764280598187,1.6649139103443e-07,7.826465206737713e-13,94.10201971063495,1.3006284996227646,0.13151160466130254,0.3538357677190217,32.0
S0238,L2,Roth,LOT2026019,D100-PE-050,Cu-ETP,0.6117657203442722,PE,0.3923362641050258,0.9722497234629656,87.54401217102483,54.899021985613764,0.315,0.9717233049552262,0.005077513645626921,0.9900990099009901,5.845164318329708,1.433250604866299e-05,1.8414039091204737e-11,0.020598807094315316,96.78348633196661,1.170979517325147,1.0,1.4462140719379145e-05,1.8665429493579586e-11,0.01483660481761519,1.7199007258395589e-07,6.524211727361421e-13,97.09903473102712,1.0153215885554219,0.7210183912946262,0.36544851690606456,25.187945536335548
S0239,L3,Nitra,LOT2026019,D100-PE-050,Cu-ETP,0.6032886560388552,PE,0.4094983360717275,0.9671786698550642,49.582218345779296,37.749345319470635,0.5,0.9671207043488697,0.0054254623659755665,1.3123359580052494,6.228196072429696,1.4432390768649313e-05,1.764001166601094e-11,0.02161690496430611,98.52851301904826,1.1837667340138063,1.0,1.4350152527125285e-05,1.7583533924696747e-11,0.019402710094800834,1.7318868922379176e-07,6.292003499803281e-13,98.088299452291,1.3041912074385797,0.7734621696318299,0.3620564266928156,26.908057121343095
